sample,horizon_weeks,phase,v1_1_weeks,v1_1_ratio,v1_1_p,persist17w_weeks,persist17w_ratio,persist17w_p
real_time_ex_covid,4,recovery,10,0.54,0.7566,10,0.54,0.7566
real_time_ex_covid,4,expansion,288,3.724,0.0037,593,0.925,0.5506
real_time_ex_covid,4,slowdown,328,3.954,0.0037,23,1.255,0.3521
real_time_ex_covid,4,contraction,0,,,0,,
real_time_ex_covid,13,recovery,10,1.37,0.3596,10,1.37,0.3596
real_time_ex_covid,13,expansion,288,0.394,0.9251,593,3.35,0.0468
real_time_ex_covid,13,slowdown,328,0.418,0.9232,23,1.304,0.3577
real_time_ex_covid,13,contraction,0,,,0,,
real_time_ex_covid,26,recovery,10,0.743,0.6723,10,0.743,0.6723
real_time_ex_covid,26,expansion,288,0.405,0.8858,593,1.331,0.294
real_time_ex_covid,26,slowdown,328,0.814,0.6592,23,0.845,0.6124
real_time_ex_covid,26,contraction,0,,,0,,
real_time_overlap,4,recovery,34,5.413,0.041,34,5.413,0.041
real_time_overlap,4,expansion,288,4.752,0.0017,593,6.644,0.0102
real_time_overlap,4,slowdown,338,1.354,0.2969,33,1.266,0.3737
real_time_overlap,4,contraction,18,5.905,0.0529,18,5.905,0.0529
real_time_overlap,13,recovery,34,4.717,0.041,34,4.717,0.041
real_time_overlap,13,expansion,288,1.177,0.3942,593,4.094,0.0597
real_time_overlap,13,slowdown,338,0.287,0.9863,33,1.297,0.3362
real_time_overlap,13,contraction,18,11.908,0.0017,18,11.908,0.0017
real_time_overlap,26,recovery,34,4.094,0.0392,34,4.094,0.0392
real_time_overlap,26,expansion,288,1.347,0.314,593,7.465,0.0068
real_time_overlap,26,slowdown,338,0.854,0.6126,33,2.25,0.0956
real_time_overlap,26,contraction,18,16.765,0.0017,18,16.765,0.0017
revised_long,4,recovery,151,1.916,0.2333,144,2.446,0.1596
revised_long,4,expansion,685,2.65,0.0413,1280,3.744,0.0121
revised_long,4,slowdown,677,0.453,0.9091,87,1.082,0.452
revised_long,4,contraction,162,1.339,0.3325,164,1.482,0.2823
revised_long,13,recovery,151,1.862,0.2441,144,1.968,0.2187
revised_long,13,expansion,685,2.52,0.0388,1280,3.644,0.028
revised_long,13,slowdown,677,0.369,0.9619,87,3.353,0.0572
revised_long,13,contraction,162,2.008,0.1532,164,2.022,0.1411
revised_long,26,recovery,151,1.863,0.2467,144,2.039,0.2117
revised_long,26,expansion,685,2.504,0.0369,1280,5.122,0.0006
revised_long,26,slowdown,677,0.38,0.9485,87,1.635,0.2517
revised_long,26,contraction,162,3.046,0.0788,164,3.21,0.0617
revised_long_ex_both,4,recovery,95,0.37,0.9224,88,0.561,0.8102
revised_long_ex_both,4,expansion,685,1.745,0.1665,1277,2.837,0.0247
revised_long_ex_both,4,slowdown,671,1.336,0.3275,86,1.264,0.3536
revised_long_ex_both,4,contraction,68,1.315,0.3507,68,1.593,0.2668
revised_long_ex_both,13,recovery,95,0.486,0.8476,88,0.486,0.8582
revised_long_ex_both,13,expansion,685,1.604,0.2449,1277,3.505,0.012
revised_long_ex_both,13,slowdown,671,1.0,0.5011,86,4.026,0.0247
revised_long_ex_both,13,contraction,68,1.556,0.2802,68,1.667,0.247
revised_long_ex_both,26,recovery,95,0.479,0.8483,88,0.544,0.8109
revised_long_ex_both,26,expansion,685,1.118,0.4467,1277,3.329,0.012
revised_long_ex_both,26,slowdown,671,0.457,0.8673,86,2.186,0.1291
revised_long_ex_both,26,contraction,68,2.318,0.1256,68,2.402,0.1179
revised_long_ex_covid,4,recovery,125,0.587,0.7903,118,0.847,0.616
revised_long_ex_covid,4,expansion,685,1.745,0.1788,1279,2.501,0.0717
revised_long_ex_covid,4,slowdown,674,1.153,0.4037,87,1.195,0.3846
revised_long_ex_covid,4,contraction,139,0.906,0.5483,139,1.033,0.4865
revised_long_ex_covid,13,recovery,125,0.769,0.6601,118,0.774,0.6535
revised_long_ex_covid,13,expansion,685,1.687,0.2295,1279,3.065,0.0533
revised_long_ex_covid,13,slowdown,674,0.767,0.668,87,3.782,0.0316
revised_long_ex_covid,13,contraction,139,1.046,0.474,139,1.099,0.4556
revised_long_ex_covid,26,recovery,125,0.874,0.57,118,0.949,0.5293
revised_long_ex_covid,26,expansion,685,1.468,0.2939,1279,3.237,0.0539
revised_long_ex_covid,26,slowdown,674,0.308,0.9744,87,2.142,0.1427
revised_long_ex_covid,26,contraction,139,1.56,0.2558,139,1.589,0.2551
revised_long_ex_gfc,4,recovery,121,1.431,0.3553,114,1.857,0.2321
revised_long_ex_gfc,4,expansion,685,2.422,0.0517,1278,3.869,0.002
revised_long_ex_gfc,4,slowdown,674,0.45,0.887,86,1.123,0.4268
revised_long_ex_gfc,4,contraction,91,2.525,0.0899,93,2.649,0.0844
revised_long_ex_gfc,13,recovery,121,1.542,0.3308,114,1.644,0.3009
revised_long_ex_gfc,13,expansion,685,2.222,0.0742,1278,3.421,0.0007
revised_long_ex_gfc,13,slowdown,674,0.344,0.9632,86,3.519,0.0361
revised_long_ex_gfc,13,contraction,91,3.699,0.032,93,3.744,0.03
revised_long_ex_gfc,26,recovery,121,1.754,0.2743,114,1.971,0.241
revised_long_ex_gfc,26,expansion,685,2.01,0.1144,1278,4.676,0.0007
revised_long_ex_gfc,26,slowdown,674,0.287,0.9694,86,1.853,0.2294
revised_long_ex_gfc,26,contraction,91,5.429,0.0048,93,5.756,0.0007
revised_overlap,4,recovery,38,3.877,0.0802,38,3.877,0.0802
revised_overlap,4,expansion,268,3.598,0.0017,583,4.193,0.0563
revised_overlap,4,slowdown,354,0.88,0.5614,37,0.538,0.7611
revised_overlap,4,contraction,28,5.153,0.0529,30,4.92,0.0529
revised_overlap,13,recovery,38,3.759,0.0648,38,3.759,0.0648
revised_overlap,13,expansion,268,1.544,0.1689,583,2.841,0.0939
revised_overlap,13,slowdown,354,0.363,0.9044,37,1.158,0.413
revised_overlap,13,contraction,28,8.196,0.0051,30,7.673,0.0256
revised_overlap,26,recovery,38,3.41,0.07,38,3.41,0.07
revised_overlap,26,expansion,268,1.173,0.372,583,5.961,0.0563
revised_overlap,26,slowdown,354,0.535,0.8413,37,0.513,0.8686
revised_overlap,26,contraction,28,11.954,0.0017,30,12.185,0.0017
