sample,horizon_weeks,phase,industry,weeks,observations,mean,effect_versus_all_weeks,p_value,bh_rank,survives_bh,survives_bonferroni
revised_long,4,recovery,NoDur,151,151,-0.000648,0.000585,0.9034,43.0,False,False
revised_long,4,recovery,Durbl,151,151,0.022667,0.020957,0.0229,4.0,False,False
revised_long,4,recovery,Manuf,151,151,0.005728,0.004085,0.3039,10.0,False,False
revised_long,4,recovery,Enrgy,151,151,0.001383,0.001102,0.8868,41.0,False,False
revised_long,4,recovery,Chems,151,151,0.000634,0.00234,0.5912,28.0,False,False
revised_long,4,recovery,BusEq,151,151,0.00114,-0.002194,0.6472,30.0,False,False
revised_long,4,recovery,Telcm,151,151,0.001782,0.005226,0.3446,12.0,False,False
revised_long,4,recovery,Utils,151,151,-0.006817,-0.005812,0.356,13.0,False,False
revised_long,4,recovery,Shops,151,151,-0.003063,-0.003487,0.3776,16.0,False,False
revised_long,4,recovery,Hlth,151,151,-0.005141,-0.005445,0.2416,8.0,False,False
revised_long,4,recovery,Money,151,151,0.002939,0.002817,0.5569,26.0,False,False
revised_long,4,recovery,Other,151,151,0.003398,0.005571,0.0134,3.0,False,False
revised_long,4,expansion,NoDur,685,680,-0.000511,0.000722,0.7095,34.0,False,False
revised_long,4,expansion,Durbl,685,680,-0.0089,-0.01061,0.0006,1.0,True,True
revised_long,4,expansion,Manuf,685,680,0.002632,0.000989,0.4933,22.0,False,False
revised_long,4,expansion,Enrgy,685,680,0.001222,0.000941,0.7629,35.0,False,False
revised_long,4,expansion,Chems,685,680,-0.002781,-0.001076,0.5385,25.0,False,False
revised_long,4,expansion,BusEq,685,680,0.003934,0.0006,0.78,36.0,False,False
revised_long,4,expansion,Telcm,685,680,-0.003241,0.000203,0.9161,44.0,False,False
revised_long,4,expansion,Utils,685,680,-0.000689,0.000316,0.8881,42.0,False,False
revised_long,4,expansion,Shops,685,680,-0.001564,-0.001988,0.1259,6.0,False,False
revised_long,4,expansion,Hlth,685,680,0.001286,0.000982,0.583,27.0,False,False
revised_long,4,expansion,Money,685,680,-0.00051,-0.000632,0.7044,33.0,False,False
revised_long,4,expansion,Other,685,680,-0.002198,-2.4e-05,0.9841,46.0,False,False
revised_long,4,slowdown,NoDur,677,672,-0.003313,-0.00208,0.2734,9.0,False,False
revised_long,4,slowdown,Durbl,677,672,0.004908,0.003197,0.3573,14.0,False,False
revised_long,4,slowdown,Manuf,677,672,0.000436,-0.001208,0.4584,21.0,False,False
revised_long,4,slowdown,Enrgy,677,672,0.000326,4.5e-05,0.9917,47.0,False,False
revised_long,4,slowdown,Chems,677,672,-0.001977,-0.000271,0.8722,40.0,False,False
revised_long,4,slowdown,BusEq,677,672,0.003223,-0.000111,0.9555,45.0,False,False
revised_long,4,slowdown,Telcm,677,672,-0.003915,-0.000471,0.8163,37.0,False,False
revised_long,4,slowdown,Utils,677,672,-0.000498,0.000507,0.8353,38.0,False,False
revised_long,4,slowdown,Shops,677,672,0.000684,0.000261,0.8404,39.0,False,False
revised_long,4,slowdown,Hlth,677,672,-0.000472,-0.000776,0.6853,32.0,False,False
revised_long,4,slowdown,Money,677,672,0.001803,0.001681,0.3592,15.0,False,False
revised_long,4,slowdown,Other,677,672,-0.003098,-0.000925,0.4278,18.0,False,False
revised_long,4,contraction,NoDur,162,162,0.003818,0.005052,0.3929,17.0,False,False
revised_long,4,contraction,Durbl,162,162,0.01345,0.011739,0.1704,7.0,False,False
revised_long,4,contraction,Manuf,162,162,-0.001306,-0.002949,0.4558,20.0,False,False
revised_long,4,contraction,Enrgy,162,162,-0.00488,-0.005161,0.5219,23.0,False,False
revised_long,4,contraction,Chems,162,162,0.001756,0.003461,0.4393,19.0,False,False
revised_long,4,contraction,BusEq,162,162,0.00332,-1.4e-05,0.9968,48.0,False,False
revised_long,4,contraction,Telcm,162,162,-0.007214,-0.00377,0.5245,24.0,False,False
revised_long,4,contraction,Utils,162,162,0.000985,0.00199,0.6777,31.0,False,False
revised_long,4,contraction,Shops,162,162,0.010939,0.010516,0.0006,2.0,True,True
revised_long,4,contraction,Hlth,162,162,0.004475,0.004171,0.3229,11.0,False,False
revised_long,4,contraction,Money,162,162,-0.006821,-0.006944,0.1208,5.0,False,False
revised_long,4,contraction,Other,162,162,-0.003425,-0.001252,0.6256,29.0,False,False
revised_long,13,recovery,NoDur,151,151,-0.002151,0.002072,0.9142,46.0,False,False
revised_long,13,recovery,Durbl,151,151,0.065847,0.06002,0.0375,4.0,False,False
revised_long,13,recovery,Manuf,151,151,0.022395,0.017628,0.1214,6.0,False,False
revised_long,13,recovery,Enrgy,151,151,0.020772,0.019871,0.4348,24.0,False,False
revised_long,13,recovery,Chems,151,151,-0.000349,0.005418,0.6936,34.0,False,False
revised_long,13,recovery,BusEq,151,151,0.005024,-0.006104,0.6847,33.0,False,False
revised_long,13,recovery,Telcm,151,151,0.010265,0.020872,0.2092,9.0,False,False
revised_long,13,recovery,Utils,151,151,-0.019389,-0.016102,0.4221,23.0,False,False
revised_long,13,recovery,Shops,151,151,-0.014443,-0.0159,0.2123,10.0,False,False
revised_long,13,recovery,Hlth,151,151,-0.017169,-0.017435,0.2238,12.0,False,False
revised_long,13,recovery,Money,151,151,0.007645,0.007649,0.6217,30.0,False,False
revised_long,13,recovery,Other,151,151,0.008997,0.016045,0.021,3.0,False,False
revised_long,13,expansion,NoDur,685,671,-0.005208,-0.000985,0.8468,43.0,False,False
revised_long,13,expansion,Durbl,685,671,-0.02168,-0.027506,0.0025,2.0,True,False
revised_long,13,expansion,Manuf,685,671,0.003628,-0.001139,0.7394,37.0,False,False
revised_long,13,expansion,Enrgy,685,671,-0.00012,-0.001021,0.8754,45.0,False,False
revised_long,13,expansion,Chems,685,671,-0.012159,-0.006392,0.192,8.0,False,False
revised_long,13,expansion,BusEq,685,671,0.009985,-0.001143,0.8481,44.0,False,False
revised_long,13,expansion,Telcm,685,671,-0.005859,0.004749,0.3274,18.0,False,False
revised_long,13,expansion,Utils,685,671,0.000111,0.003399,0.6001,29.0,False,False
revised_long,13,expansion,Shops,685,671,-0.003019,-0.004477,0.2263,13.0,False,False
revised_long,13,expansion,Hlth,685,671,0.005902,0.005635,0.2206,11.0,False,False
revised_long,13,expansion,Money,685,671,0.00196,0.001964,0.6713,32.0,False,False
revised_long,13,expansion,Other,685,671,-0.00703,1.8e-05,0.9949,48.0,False,False
revised_long,13,slowdown,NoDur,677,672,-0.007889,-0.003666,0.5289,27.0,False,False
revised_long,13,slowdown,Durbl,677,672,0.008708,0.002882,0.7298,36.0,False,False
revised_long,13,slowdown,Manuf,677,672,0.003652,-0.001116,0.7686,39.0,False,False
revised_long,13,slowdown,Enrgy,677,672,0.00626,0.005359,0.5048,25.0,False,False
revised_long,13,slowdown,Chems,677,672,-0.004231,0.001536,0.7572,38.0,False,False
revised_long,13,slowdown,BusEq,677,672,0.012667,0.001539,0.7972,42.0,False,False
revised_long,13,slowdown,Telcm,677,672,-0.016242,-0.005635,0.3363,19.0,False,False
revised_long,13,slowdown,Utils,677,672,-0.0012,0.002088,0.7209,35.0,False,False
revised_long,13,slowdown,Shops,677,672,0.001316,-0.000141,0.965,47.0,False,False
revised_long,13,slowdown,Hlth,677,672,-0.004588,-0.004855,0.2848,15.0,False,False
revised_long,13,slowdown,Money,677,672,0.001421,0.001426,0.787,40.0,False,False
revised_long,13,slowdown,Other,677,672,-0.009376,-0.002328,0.4069,22.0,False,False
revised_long,13,contraction,NoDur,162,162,0.013136,0.017359,0.3751,21.0,False,False
revised_long,13,contraction,Durbl,162,162,0.051854,0.046028,0.0757,5.0,False,False
revised_long,13,contraction,Manuf,162,162,-0.002315,-0.007082,0.5518,28.0,False,False
revised_long,13,contraction,Enrgy,162,162,-0.035624,-0.036525,0.2282,14.0,False,False
revised_long,13,contraction,Chems,162,162,0.009289,0.015055,0.3217,17.0,False,False
revised_long,13,contraction,BusEq,162,162,0.01517,0.004042,0.7928,41.0,False,False
revised_long,13,contraction,Telcm,162,162,-0.026358,-0.015751,0.3592,20.0,False,False
revised_long,13,contraction,Utils,162,162,-0.011015,-0.007728,0.6402,31.0,False,False
revised_long,13,contraction,Shops,162,162,0.035406,0.033948,0.0006,1.0,True,True
revised_long,13,contraction,Hlth,162,162,0.013315,0.013049,0.2988,16.0,False,False
revised_long,13,contraction,Money,162,162,-0.021183,-0.021179,0.1519,7.0,False,False
revised_long,13,contraction,Other,162,162,-0.012423,-0.005375,0.5232,26.0,False,False
revised_long,26,recovery,NoDur,151,151,-0.01138,-0.002515,0.932,46.0,False,False
revised_long,26,recovery,Durbl,151,151,0.127,0.112875,0.0591,5.0,False,False
revised_long,26,recovery,Manuf,151,151,0.043664,0.033718,0.1221,7.0,False,False
revised_long,26,recovery,Enrgy,151,151,0.069719,0.068802,0.2155,11.0,False,False
revised_long,26,recovery,Chems,151,151,-0.002034,0.00943,0.7209,34.0,False,False
revised_long,26,recovery,BusEq,151,151,0.00637,-0.015836,0.569,28.0,False,False
revised_long,26,recovery,Telcm,151,151,0.001691,0.021249,0.4984,24.0,False,False
revised_long,26,recovery,Utils,151,151,-0.028467,-0.022002,0.5823,29.0,False,False
revised_long,26,recovery,Shops,151,151,-0.028098,-0.03103,0.2238,12.0,False,False
revised_long,26,recovery,Hlth,151,151,-0.032428,-0.032942,0.2384,13.0,False,False
revised_long,26,recovery,Money,151,151,0.010344,0.009253,0.768,37.0,False,False
revised_long,26,recovery,Other,151,151,0.015832,0.029564,0.0172,3.0,False,False
revised_long,26,expansion,NoDur,685,667,-0.010786,-0.001921,0.8824,42.0,False,False
revised_long,26,expansion,Durbl,685,667,-0.032998,-0.047123,0.0006,1.0,True,True
revised_long,26,expansion,Manuf,685,667,0.001098,-0.008848,0.1767,9.0,False,False
revised_long,26,expansion,Enrgy,685,667,0.010345,0.009427,0.555,26.0,False,False
revised_long,26,expansion,Chems,685,667,-0.015864,-0.004401,0.5594,27.0,False,False
revised_long,26,expansion,BusEq,685,667,0.025225,0.003019,0.7972,38.0,False,False
revised_long,26,expansion,Telcm,685,667,-0.015295,0.004263,0.63,30.0,False,False
revised_long,26,expansion,Utils,685,667,0.004308,0.010773,0.295,17.0,False,False
revised_long,26,expansion,Shops,685,667,-0.003139,-0.006071,0.3554,19.0,False,False
revised_long,26,expansion,Hlth,685,667,0.013829,0.013315,0.0706,6.0,False,False
revised_long,26,expansion,Money,685,667,0.003996,0.002906,0.7502,36.0,False,False
revised_long,26,expansion,Other,685,667,-0.016944,-0.003211,0.4876,23.0,False,False
revised_long,26,slowdown,NoDur,677,663,-0.016449,-0.007584,0.4647,22.0,False,False
revised_long,26,slowdown,Durbl,677,663,0.001262,-0.012862,0.4507,21.0,False,False
revised_long,26,slowdown,Manuf,677,663,0.009391,-0.000554,0.9282,45.0,False,False
revised_long,26,slowdown,Enrgy,677,663,-0.006816,-0.007734,0.6338,31.0,False,False
revised_long,26,slowdown,Chems,677,663,-0.019014,-0.00755,0.4291,20.0,False,False
revised_long,26,slowdown,BusEq,677,663,0.023349,0.001143,0.9434,47.0,False,False
revised_long,26,slowdown,Telcm,677,663,-0.018084,0.001473,0.8818,41.0,False,False
revised_long,26,slowdown,Utils,677,663,-0.004691,0.001774,0.8551,39.0,False,False
revised_long,26,slowdown,Shops,677,663,0.002171,-0.000761,0.9034,43.0,False,False
revised_long,26,slowdown,Hlth,677,663,-0.00632,-0.006834,0.2702,15.0,False,False
revised_long,26,slowdown,Money,677,663,0.000952,-0.000138,0.9905,48.0,False,False
revised_long,26,slowdown,Other,677,663,-0.015716,-0.001984,0.6771,32.0,False,False
revised_long,26,contraction,NoDur,162,162,0.032423,0.041289,0.2759,16.0,False,False
revised_long,26,contraction,Durbl,162,162,0.155571,0.141447,0.042,4.0,False,False
revised_long,26,contraction,Manuf,162,162,0.017214,0.007269,0.7476,35.0,False,False
revised_long,26,contraction,Enrgy,162,162,-0.070373,-0.071291,0.2467,14.0,False,False
revised_long,26,contraction,Chems,162,162,0.028765,0.040229,0.1933,10.0,False,False
revised_long,26,contraction,BusEq,162,162,0.019861,-0.002345,0.918,44.0,False,False
revised_long,26,contraction,Telcm,162,162,-0.062944,-0.043387,0.1615,8.0,False,False
revised_long,26,contraction,Utils,162,162,-0.037575,-0.03111,0.342,18.0,False,False
revised_long,26,contraction,Shops,162,162,0.059965,0.057033,0.0006,2.0,True,True
revised_long,26,contraction,Hlth,162,162,0.004365,0.003852,0.8716,40.0,False,False
revised_long,26,contraction,Money,162,162,-0.018932,-0.020023,0.5213,25.0,False,False
revised_long,26,contraction,Other,162,162,-0.01995,-0.006218,0.6955,33.0,False,False
revised_overlap,4,recovery,NoDur,38,38,-0.007004,-0.002096,0.8413,43.0,False,False
revised_overlap,4,recovery,Durbl,38,38,0.054862,0.049548,0.0171,3.0,False,False
revised_overlap,4,recovery,Manuf,38,38,0.013095,0.012117,0.1314,14.0,False,False
revised_overlap,4,recovery,Enrgy,38,38,0.014612,0.018131,0.2799,19.0,False,False
revised_overlap,4,recovery,Chems,38,38,-0.007193,-0.001935,0.8038,40.0,False,False
revised_overlap,4,recovery,BusEq,38,38,0.000445,-0.00472,0.3208,23.0,False,False
revised_overlap,4,recovery,Telcm,38,38,-0.005412,0.000964,0.959,45.0,False,False
revised_overlap,4,recovery,Utils,38,38,-0.016219,-0.013298,0.2491,18.0,False,False
revised_overlap,4,recovery,Shops,38,38,-0.007929,-0.007742,0.2423,16.0,False,False
revised_overlap,4,recovery,Hlth,38,38,-0.015715,-0.013749,0.0683,8.0,False,False
revised_overlap,4,recovery,Money,38,38,0.010925,0.011222,0.1007,12.0,False,False
revised_overlap,4,recovery,Other,38,38,0.010496,0.012308,0.0256,5.0,False,False
revised_overlap,4,expansion,NoDur,268,263,-0.000615,0.004292,0.0853,9.0,False,False
revised_overlap,4,expansion,Durbl,268,263,-0.017101,-0.022415,0.0017,1.0,True,False
revised_overlap,4,expansion,Manuf,268,263,0.00249,0.001512,0.6331,35.0,False,False
revised_overlap,4,expansion,Enrgy,268,263,-0.005102,-0.001583,0.8379,42.0,False,False
revised_overlap,4,expansion,Chems,268,263,-0.003647,0.001612,0.529,32.0,False,False
revised_overlap,4,expansion,BusEq,268,263,0.005109,-5.6e-05,0.9761,46.0,False,False
revised_overlap,4,expansion,Telcm,268,263,-0.004995,0.001381,0.6314,34.0,False,False
revised_overlap,4,expansion,Utils,268,263,-0.003655,-0.000734,0.8362,41.0,False,False
revised_overlap,4,expansion,Shops,268,263,-0.002066,-0.001879,0.3669,26.0,False,False
revised_overlap,4,expansion,Hlth,268,263,0.002522,0.004487,0.0956,11.0,False,False
revised_overlap,4,expansion,Money,268,263,0.002146,0.002443,0.244,17.0,False,False
revised_overlap,4,expansion,Other,268,263,-0.003132,-0.001319,0.442,29.0,False,False
revised_overlap,4,slowdown,NoDur,354,349,-0.006967,-0.002059,0.3686,27.0,False,False
revised_overlap,4,slowdown,Durbl,354,349,0.011932,0.006618,0.2116,15.0,False,False
revised_overlap,4,slowdown,Manuf,354,349,-0.000248,-0.001226,0.5478,33.0,False,False
revised_overlap,4,slowdown,Enrgy,354,349,-0.001514,0.002005,0.6877,38.0,False,False
revised_overlap,4,slowdown,Chems,354,349,-0.005954,-0.000695,0.715,39.0,False,False
revised_overlap,4,slowdown,BusEq,354,349,0.004598,-0.000567,0.6792,37.0,False,False
revised_overlap,4,slowdown,Telcm,354,349,-0.006654,-0.000278,0.9181,44.0,False,False
revised_overlap,4,slowdown,Utils,354,349,0.000115,0.003036,0.3208,24.0,False,False
revised_overlap,4,slowdown,Shops,354,349,0.000812,0.000999,0.4881,30.0,False,False
revised_overlap,4,slowdown,Hlth,354,349,-0.003874,-0.001909,0.3447,25.0,False,False
revised_overlap,4,slowdown,Money,354,349,-0.001465,-0.001168,0.5119,31.0,False,False
revised_overlap,4,slowdown,Other,354,349,-0.001839,-2.7e-05,0.9812,48.0,False,False
revised_overlap,4,contraction,NoDur,28,28,-0.016717,-0.011809,0.2918,20.0,False,False
revised_overlap,4,contraction,Durbl,28,28,0.066126,0.060812,0.029,6.0,False,False
revised_overlap,4,contraction,Manuf,28,28,-0.014383,-0.015361,0.0922,10.0,False,False
revised_overlap,4,contraction,Enrgy,28,28,-0.038243,-0.034724,0.1007,13.0,False,False
revised_overlap,4,contraction,Chems,28,28,-0.00911,-0.003851,0.6758,36.0,False,False
revised_overlap,4,contraction,BusEq,28,28,0.019166,0.014001,0.0597,7.0,False,False
revised_overlap,4,contraction,Telcm,28,28,-0.017197,-0.010821,0.3123,22.0,False,False
revised_overlap,4,contraction,Utils,28,28,-0.015825,-0.012904,0.3038,21.0,False,False
revised_overlap,4,contraction,Shops,28,28,0.015522,0.015709,0.0239,4.0,False,False
revised_overlap,4,contraction,Hlth,28,28,-0.001661,0.000304,0.9795,47.0,False,False
revised_overlap,4,contraction,Money,28,28,-0.023921,-0.023624,0.0017,2.0,True,False
revised_overlap,4,contraction,Other,28,28,-0.00579,-0.003978,0.401,28.0,False,False
revised_overlap,13,recovery,NoDur,38,38,-0.020799,-0.004769,0.8703,45.0,False,False
revised_overlap,13,recovery,Durbl,38,38,0.150082,0.133532,0.0341,6.0,False,False
revised_overlap,13,recovery,Manuf,38,38,0.042395,0.041065,0.0922,11.0,False,False
revised_overlap,13,recovery,Enrgy,38,38,0.084848,0.095917,0.0973,13.0,False,False
revised_overlap,13,recovery,Chems,38,38,-0.026954,-0.009539,0.7218,36.0,False,False
revised_overlap,13,recovery,BusEq,38,38,-0.005344,-0.022854,0.1792,18.0,False,False
revised_overlap,13,recovery,Telcm,38,38,-0.021517,-0.001461,0.9778,48.0,False,False
revised_overlap,13,recovery,Utils,38,38,-0.043058,-0.03316,0.3601,22.0,False,False
revised_overlap,13,recovery,Shops,38,38,-0.030787,-0.030969,0.1212,17.0,False,False
revised_overlap,13,recovery,Hlth,38,38,-0.040397,-0.033161,0.1962,19.0,False,False
revised_overlap,13,recovery,Money,38,38,0.0498,0.051666,0.0017,1.0,True,False
revised_overlap,13,recovery,Other,38,38,0.028906,0.034869,0.0529,8.0,False,False
revised_overlap,13,expansion,NoDur,268,254,-0.010903,0.005127,0.4829,25.0,False,False
revised_overlap,13,expansion,Durbl,268,254,-0.023864,-0.040414,0.0461,7.0,False,False
revised_overlap,13,expansion,Manuf,268,254,0.003682,0.002352,0.802,41.0,False,False
revised_overlap,13,expansion,Enrgy,268,254,-0.017389,-0.00632,0.7935,40.0,False,False
revised_overlap,13,expansion,Chems,268,254,-0.015904,0.001512,0.8328,43.0,False,False
revised_overlap,13,expansion,BusEq,268,254,0.0133,-0.00421,0.3874,23.0,False,False
revised_overlap,13,expansion,Telcm,268,254,-0.016679,0.003377,0.5734,32.0,False,False
revised_overlap,13,expansion,Utils,268,254,-0.006554,0.003344,0.7509,38.0,False,False
revised_overlap,13,expansion,Shops,268,254,-0.003871,-0.004054,0.5085,27.0,False,False
revised_overlap,13,expansion,Hlth,268,254,0.008425,0.015661,0.0188,5.0,False,False
revised_overlap,13,expansion,Money,268,254,0.006642,0.008507,0.1058,15.0,False,False
revised_overlap,13,expansion,Other,268,254,-0.005132,0.00083,0.8669,44.0,False,False
revised_overlap,13,slowdown,NoDur,354,349,-0.017538,-0.001508,0.7645,39.0,False,False
revised_overlap,13,slowdown,Durbl,354,349,0.014586,-0.001964,0.8857,46.0,False,False
revised_overlap,13,slowdown,Manuf,354,349,-0.001204,-0.002534,0.6706,33.0,False,False
revised_overlap,13,slowdown,Enrgy,354,349,-0.003598,0.007471,0.6792,34.0,False,False
revised_overlap,13,slowdown,Chems,354,349,-0.018848,-0.001433,0.7201,35.0,False,False
revised_overlap,13,slowdown,BusEq,354,349,0.019796,0.002286,0.5154,29.0,False,False
revised_overlap,13,slowdown,Telcm,354,349,-0.020709,-0.000653,0.9266,47.0,False,False
revised_overlap,13,slowdown,Utils,354,349,-0.003789,0.00611,0.4488,24.0,False,False
revised_overlap,13,slowdown,Shops,354,349,0.001244,0.001061,0.7423,37.0,False,False
revised_overlap,13,slowdown,Hlth,354,349,-0.015591,-0.008355,0.1041,14.0,False,False
revised_overlap,13,slowdown,Money,354,349,-0.006783,-0.004917,0.2969,20.0,False,False
revised_overlap,13,slowdown,Other,354,349,-0.009765,-0.003802,0.3481,21.0,False,False
revised_overlap,13,contraction,NoDur,28,28,-0.03727,-0.02124,0.5034,26.0,False,False
revised_overlap,13,contraction,Durbl,28,28,0.226414,0.209864,0.0085,4.0,False,False
revised_overlap,13,contraction,Manuf,28,28,-0.044144,-0.045475,0.0751,10.0,False,False
revised_overlap,13,contraction,Enrgy,28,28,-0.177026,-0.165957,0.0597,9.0,False,False
revised_overlap,13,contraction,Chems,28,28,-0.000329,0.017087,0.5461,31.0,False,False
revised_overlap,13,contraction,BusEq,28,28,0.058226,0.040716,0.0956,12.0,False,False
revised_overlap,13,contraction,Telcm,28,28,-0.040569,-0.020513,0.5137,28.0,False,False
revised_overlap,13,contraction,Utils,28,28,-0.07139,-0.061491,0.1058,16.0,False,False
revised_overlap,13,contraction,Shops,28,28,0.065758,0.065576,0.0017,2.0,True,False
revised_overlap,13,contraction,Hlth,28,28,-0.000163,0.007073,0.8208,42.0,False,False
revised_overlap,13,contraction,Money,28,28,-0.087863,-0.085998,0.0017,3.0,True,False
revised_overlap,13,contraction,Other,28,28,-0.013423,-0.00746,0.5444,30.0,False,False
revised_overlap,26,recovery,NoDur,38,38,-0.054915,-0.023459,0.657,37.0,False,False
revised_overlap,26,recovery,Durbl,38,38,0.232627,0.196967,0.07,7.0,False,False
revised_overlap,26,recovery,Manuf,38,38,0.062014,0.060344,0.1621,13.0,False,False
revised_overlap,26,recovery,Enrgy,38,38,0.197294,0.220699,0.0819,9.0,False,False
revised_overlap,26,recovery,Chems,38,38,-0.073509,-0.039082,0.4181,24.0,False,False
revised_overlap,26,recovery,BusEq,38,38,0.00523,-0.029608,0.2594,17.0,False,False
revised_overlap,26,recovery,Telcm,38,38,-0.05577,-0.016968,0.8259,43.0,False,False
revised_overlap,26,recovery,Utils,38,38,-0.092175,-0.074162,0.2526,16.0,False,False
revised_overlap,26,recovery,Shops,38,38,-0.061428,-0.062664,0.0922,10.0,False,False
revised_overlap,26,recovery,Hlth,38,38,-0.064026,-0.050426,0.3089,19.0,False,False
revised_overlap,26,recovery,Money,38,38,0.094809,0.09799,0.0137,5.0,False,False
revised_overlap,26,recovery,Other,38,38,0.0312,0.042288,0.1621,14.0,False,False
revised_overlap,26,expansion,NoDur,268,250,-0.021757,0.009699,0.4505,27.0,False,False
revised_overlap,26,expansion,Durbl,268,250,-0.023928,-0.059589,0.1502,12.0,False,False
revised_overlap,26,expansion,Manuf,268,250,0.001155,-0.000516,0.9761,47.0,False,False
revised_overlap,26,expansion,Enrgy,268,250,-0.004583,0.018822,0.8072,42.0,False,False
revised_overlap,26,expansion,Chems,268,250,-0.02144,0.012987,0.1894,15.0,False,False
revised_overlap,26,expansion,BusEq,268,250,0.028961,-0.005877,0.4642,29.0,False,False
revised_overlap,26,expansion,Telcm,268,250,-0.03788,0.000921,0.9334,46.0,False,False
revised_overlap,26,expansion,Utils,268,250,-0.001591,0.016422,0.3174,21.0,False,False
revised_overlap,26,expansion,Shops,268,250,-0.000216,-0.001452,0.8925,44.0,False,False
revised_overlap,26,expansion,Hlth,268,250,0.011769,0.025369,0.0017,1.0,True,False
revised_overlap,26,expansion,Money,268,250,0.002854,0.006036,0.4505,28.0,False,False
revised_overlap,26,expansion,Other,268,250,-0.015074,-0.003986,0.4949,30.0,False,False
revised_overlap,26,slowdown,NoDur,354,340,-0.031302,0.000154,1.0,48.0,False,False
revised_overlap,26,slowdown,Durbl,354,340,0.010195,-0.025466,0.3737,23.0,False,False
revised_overlap,26,slowdown,Manuf,354,340,-0.002274,-0.003945,0.7167,40.0,False,False
revised_overlap,26,slowdown,Enrgy,354,340,-0.038542,-0.015137,0.727,41.0,False,False
revised_overlap,26,slowdown,Chems,354,340,-0.041537,-0.00711,0.3106,20.0,False,False
revised_overlap,26,slowdown,BusEq,354,340,0.037071,0.002233,0.6962,39.0,False,False
revised_overlap,26,slowdown,Telcm,354,340,-0.033456,0.005345,0.5717,34.0,False,False
revised_overlap,26,slowdown,Utils,354,340,-0.010771,0.007242,0.5683,32.0,False,False
revised_overlap,26,slowdown,Shops,354,340,0.002103,0.000867,0.901,45.0,False,False
revised_overlap,26,slowdown,Hlth,354,340,-0.023535,-0.009934,0.2662,18.0,False,False
revised_overlap,26,slowdown,Money,354,340,-0.008148,-0.004966,0.6041,35.0,False,False
revised_overlap,26,slowdown,Other,354,340,-0.014262,-0.003173,0.57,33.0,False,False
revised_overlap,26,contraction,NoDur,28,28,-0.08809,-0.056634,0.3379,22.0,False,False
revised_overlap,26,contraction,Durbl,28,28,0.609622,0.573962,0.0017,2.0,True,False
revised_overlap,26,contraction,Manuf,28,28,-0.027719,-0.02939,0.6109,36.0,False,False
revised_overlap,26,contraction,Enrgy,28,28,-0.307179,-0.283774,0.07,8.0,False,False
revised_overlap,26,contraction,Chems,28,28,-0.011011,0.023416,0.6604,38.0,False,False
revised_overlap,26,contraction,BusEq,28,28,0.10037,0.065533,0.1058,11.0,False,False
revised_overlap,26,contraction,Telcm,28,28,-0.088898,-0.050097,0.4403,26.0,False,False
revised_overlap,26,contraction,Utils,28,28,-0.151938,-0.133925,0.0478,6.0,False,False
revised_overlap,26,contraction,Shops,28,28,0.088718,0.087482,0.0017,3.0,True,False
revised_overlap,26,contraction,Hlth,28,28,-0.051042,-0.037442,0.5307,31.0,False,False
revised_overlap,26,contraction,Money,28,28,-0.129751,-0.12657,0.0017,4.0,True,False
revised_overlap,26,contraction,Other,28,28,0.005636,0.016724,0.4317,25.0,False,False
real_time_overlap,4,recovery,NoDur,34,34,-0.012652,-0.007744,0.4215,32.0,False,False
real_time_overlap,4,recovery,Durbl,34,34,0.073115,0.0678,0.0017,1.0,True,False
real_time_overlap,4,recovery,Manuf,34,34,0.005862,0.004884,0.5768,41.0,False,False
real_time_overlap,4,recovery,Enrgy,34,34,0.002038,0.005556,0.7543,44.0,False,False
real_time_overlap,4,recovery,Chems,34,34,-0.013784,-0.008525,0.3157,30.0,False,False
real_time_overlap,4,recovery,BusEq,34,34,0.005515,0.00035,0.9403,47.0,False,False
real_time_overlap,4,recovery,Telcm,34,34,-0.011488,-0.005112,0.6365,42.0,False,False
real_time_overlap,4,recovery,Utils,34,34,-0.021585,-0.018664,0.1263,15.0,False,False
real_time_overlap,4,recovery,Shops,34,34,-0.008572,-0.008385,0.2014,22.0,False,False
real_time_overlap,4,recovery,Hlth,34,34,-0.011716,-0.009751,0.2611,26.0,False,False
real_time_overlap,4,recovery,Money,34,34,0.004226,0.004523,0.5085,39.0,False,False
real_time_overlap,4,recovery,Other,34,34,0.007061,0.008873,0.1109,14.0,False,False
real_time_overlap,4,expansion,NoDur,288,282,-0.000595,0.004313,0.0444,5.0,False,False
real_time_overlap,4,expansion,Durbl,288,282,-0.016062,-0.021377,0.0017,2.0,True,False
real_time_overlap,4,expansion,Manuf,288,282,0.001801,0.000823,0.7918,45.0,False,False
real_time_overlap,4,expansion,Enrgy,288,282,0.001581,0.0051,0.4846,37.0,False,False
real_time_overlap,4,expansion,Chems,288,282,-0.001331,0.003928,0.0546,7.0,False,False
real_time_overlap,4,expansion,BusEq,288,282,0.001995,-0.00317,0.0956,12.0,False,False
real_time_overlap,4,expansion,Telcm,288,282,-0.002762,0.003614,0.198,21.0,False,False
real_time_overlap,4,expansion,Utils,288,282,0.000547,0.003468,0.2218,23.0,False,False
real_time_overlap,4,expansion,Shops,288,282,-0.001463,-0.001276,0.4812,36.0,False,False
real_time_overlap,4,expansion,Hlth,288,282,0.002489,0.004454,0.0785,9.0,False,False
real_time_overlap,4,expansion,Money,288,282,0.004007,0.004304,0.0461,6.0,False,False
real_time_overlap,4,expansion,Other,288,282,-0.001285,0.000527,0.7014,43.0,False,False
real_time_overlap,4,slowdown,NoDur,338,334,-0.007288,-0.002381,0.2628,28.0,False,False
real_time_overlap,4,slowdown,Durbl,338,334,0.011807,0.006493,0.2321,25.0,False,False
real_time_overlap,4,slowdown,Manuf,338,334,-0.000818,-0.001796,0.4249,33.0,False,False
real_time_overlap,4,slowdown,Enrgy,338,334,-0.007226,-0.003707,0.4573,35.0,False,False
real_time_overlap,4,slowdown,Chems,338,334,-0.008086,-0.002827,0.1433,16.0,False,False
real_time_overlap,4,slowdown,BusEq,338,334,0.007781,0.002616,0.0887,11.0,False,False
real_time_overlap,4,slowdown,Telcm,338,334,-0.008642,-0.002266,0.3276,31.0,False,False
real_time_overlap,4,slowdown,Utils,338,334,-0.002375,0.000546,0.8413,46.0,False,False
real_time_overlap,4,slowdown,Shops,338,334,0.000803,0.000989,0.5017,38.0,False,False
real_time_overlap,4,slowdown,Hlth,338,334,-0.004754,-0.002789,0.1945,20.0,False,False
real_time_overlap,4,slowdown,Money,338,334,-0.003789,-0.003492,0.087,10.0,False,False
real_time_overlap,4,slowdown,Other,338,334,-0.003401,-0.001589,0.2611,27.0,False,False
real_time_overlap,4,contraction,NoDur,18,18,-0.023632,-0.018725,0.1706,18.0,False,False
real_time_overlap,4,contraction,Durbl,18,18,0.0868,0.081486,0.0188,3.0,False,False
real_time_overlap,4,contraction,Manuf,18,18,-0.006043,-0.007021,0.4522,34.0,False,False
real_time_overlap,4,contraction,Enrgy,18,18,-0.035879,-0.03236,0.1485,17.0,False,False
real_time_overlap,4,contraction,Chems,18,18,-0.005345,-8.6e-05,0.9915,48.0,False,False
real_time_overlap,4,contraction,BusEq,18,18,0.017127,0.011962,0.1826,19.0,False,False
real_time_overlap,4,contraction,Telcm,18,18,-0.019842,-0.013465,0.3055,29.0,False,False
real_time_overlap,4,contraction,Utils,18,18,-0.028957,-0.026036,0.1058,13.0,False,False
real_time_overlap,4,contraction,Shops,18,18,0.018364,0.018551,0.0324,4.0,False,False
real_time_overlap,4,contraction,Hlth,18,18,-0.016661,-0.014696,0.2287,24.0,False,False
real_time_overlap,4,contraction,Money,18,18,-0.018122,-0.017825,0.0631,8.0,False,False
real_time_overlap,4,contraction,Other,18,18,0.001441,0.003253,0.5256,40.0,False,False
real_time_overlap,13,recovery,NoDur,34,34,-0.032883,-0.016853,0.5973,32.0,False,False
real_time_overlap,13,recovery,Durbl,34,34,0.169176,0.152626,0.0017,1.0,True,False
real_time_overlap,13,recovery,Manuf,34,34,0.032251,0.030921,0.1724,12.0,False,False
real_time_overlap,13,recovery,Enrgy,34,34,0.101004,0.112073,0.0597,8.0,False,False
real_time_overlap,13,recovery,Chems,34,34,-0.043981,-0.026565,0.3242,20.0,False,False
real_time_overlap,13,recovery,BusEq,34,34,0.001849,-0.015661,0.2816,18.0,False,False
real_time_overlap,13,recovery,Telcm,34,34,-0.023799,-0.003743,0.9386,43.0,False,False
real_time_overlap,13,recovery,Utils,34,34,-0.05519,-0.045292,0.1894,13.0,False,False
real_time_overlap,13,recovery,Shops,34,34,-0.038029,-0.038212,0.041,5.0,False,False
real_time_overlap,13,recovery,Hlth,34,34,-0.032884,-0.025647,0.3413,21.0,False,False
real_time_overlap,13,recovery,Money,34,34,0.040669,0.042534,0.0614,9.0,False,False
real_time_overlap,13,recovery,Other,34,34,0.019529,0.025492,0.1331,11.0,False,False
real_time_overlap,13,expansion,NoDur,288,275,-0.015945,8.5e-05,0.9915,48.0,False,False
real_time_overlap,13,expansion,Durbl,288,275,-0.011859,-0.028408,0.0973,10.0,False,False
real_time_overlap,13,expansion,Manuf,288,275,-0.001422,-0.002752,0.7253,34.0,False,False
real_time_overlap,13,expansion,Enrgy,288,275,-0.019609,-0.00854,0.7423,36.0,False,False
real_time_overlap,13,expansion,Chems,288,275,-0.017495,-8e-05,0.9898,47.0,False,False
real_time_overlap,13,expansion,BusEq,288,275,0.017071,-0.000438,0.9061,42.0,False,False
real_time_overlap,13,expansion,Telcm,288,275,-0.021177,-0.001121,0.8669,38.0,False,False
real_time_overlap,13,expansion,Utils,288,275,-0.002123,0.007775,0.2986,19.0,False,False
real_time_overlap,13,expansion,Shops,288,275,-0.000463,-0.000645,0.8993,41.0,False,False
real_time_overlap,13,expansion,Hlth,288,275,-0.006443,0.000793,0.8515,37.0,False,False
real_time_overlap,13,expansion,Money,288,275,0.003454,0.005319,0.2543,16.0,False,False
real_time_overlap,13,expansion,Other,288,275,-0.007848,-0.001885,0.5461,29.0,False,False
real_time_overlap,13,slowdown,NoDur,338,332,-0.015695,0.000334,0.9556,45.0,False,False
real_time_overlap,13,slowdown,Durbl,338,332,0.007673,-0.008876,0.5222,28.0,False,False
real_time_overlap,13,slowdown,Manuf,338,332,-0.003326,-0.004657,0.343,22.0,False,False
real_time_overlap,13,slowdown,Enrgy,338,332,-0.012232,-0.001164,0.9403,44.0,False,False
real_time_overlap,13,slowdown,Chems,338,332,-0.01914,-0.001724,0.6809,33.0,False,False
real_time_overlap,13,slowdown,BusEq,338,332,0.019649,0.002139,0.5683,30.0,False,False
real_time_overlap,13,slowdown,Telcm,338,332,-0.019894,0.000162,0.9795,46.0,False,False
real_time_overlap,13,slowdown,Utils,338,332,-0.008976,0.000923,0.8874,40.0,False,False
real_time_overlap,13,slowdown,Shops,338,332,0.0009,0.000718,0.884,39.0,False,False
real_time_overlap,13,slowdown,Hlth,338,332,-0.004375,0.002861,0.5922,31.0,False,False
real_time_overlap,13,slowdown,Money,338,332,-0.005883,-0.004018,0.4352,24.0,False,False
real_time_overlap,13,slowdown,Other,338,332,-0.008564,-0.002602,0.4659,27.0,False,False
real_time_overlap,13,contraction,NoDur,18,18,-0.048052,-0.032022,0.4283,23.0,False,False
real_time_overlap,13,contraction,Durbl,18,18,0.358755,0.342205,0.0017,2.0,True,False
real_time_overlap,13,contraction,Manuf,18,18,-0.009895,-0.011225,0.7372,35.0,False,False
real_time_overlap,13,contraction,Enrgy,18,18,-0.190505,-0.179436,0.0512,6.0,False,False
real_time_overlap,13,contraction,Chems,18,18,0.00615,0.023566,0.4608,26.0,False,False
real_time_overlap,13,contraction,BusEq,18,18,0.049785,0.032275,0.2287,15.0,False,False
real_time_overlap,13,contraction,Telcm,18,18,-0.051268,-0.031212,0.4403,25.0,False,False
real_time_overlap,13,contraction,Utils,18,18,-0.096427,-0.086529,0.0529,7.0,False,False
real_time_overlap,13,contraction,Shops,18,18,0.062036,0.061854,0.0034,3.0,True,False
real_time_overlap,13,contraction,Hlth,18,18,-0.045866,-0.03863,0.2611,17.0,False,False
real_time_overlap,13,contraction,Money,18,18,-0.076368,-0.074503,0.0358,4.0,False,False
real_time_overlap,13,contraction,Other,18,18,0.016971,0.022933,0.1945,14.0,False,False
real_time_overlap,26,recovery,NoDur,34,34,-0.060911,-0.029455,0.6126,36.0,False,False
real_time_overlap,26,recovery,Durbl,34,34,0.228711,0.19305,0.0768,10.0,False,False
real_time_overlap,26,recovery,Manuf,34,34,0.055647,0.053977,0.2082,16.0,False,False
real_time_overlap,26,recovery,Enrgy,34,34,0.241789,0.265194,0.0392,3.0,False,False
real_time_overlap,26,recovery,Chems,34,34,-0.083668,-0.049241,0.3003,23.0,False,False
real_time_overlap,26,recovery,BusEq,34,34,0.004796,-0.030041,0.2679,18.0,False,False
real_time_overlap,26,recovery,Telcm,34,34,-0.057897,-0.019096,0.8038,42.0,False,False
real_time_overlap,26,recovery,Utils,34,34,-0.099967,-0.081953,0.2031,15.0,False,False
real_time_overlap,26,recovery,Shops,34,34,-0.064997,-0.066233,0.0785,11.0,False,False
real_time_overlap,26,recovery,Hlth,34,34,-0.06299,-0.04939,0.3208,25.0,False,False
real_time_overlap,26,recovery,Money,34,34,0.097469,0.10065,0.0154,2.0,False,False
real_time_overlap,26,recovery,Other,34,34,0.031523,0.042611,0.1468,13.0,False,False
real_time_overlap,26,expansion,NoDur,288,265,-0.02526,0.006196,0.6553,37.0,False,False
real_time_overlap,26,expansion,Durbl,288,265,-0.014455,-0.050115,0.0939,12.0,False,False
real_time_overlap,26,expansion,Manuf,288,265,-0.008626,-0.010297,0.5034,32.0,False,False
real_time_overlap,26,expansion,Enrgy,288,265,-0.008499,0.014906,0.7679,41.0,False,False
real_time_overlap,26,expansion,Chems,288,265,-0.029525,0.004902,0.5768,33.0,False,False
real_time_overlap,26,expansion,BusEq,288,265,0.029083,-0.005754,0.5017,31.0,False,False
real_time_overlap,26,expansion,Telcm,288,265,-0.042635,-0.003834,0.6092,34.0,False,False
real_time_overlap,26,expansion,Utils,288,265,-0.000631,0.017383,0.1536,14.0,False,False
real_time_overlap,26,expansion,Shops,288,265,0.004542,0.003306,0.7577,40.0,False,False
real_time_overlap,26,expansion,Hlth,288,265,0.000747,0.014348,0.0717,7.0,False,False
real_time_overlap,26,expansion,Money,288,265,0.002677,0.005858,0.4488,28.0,False,False
real_time_overlap,26,expansion,Other,288,265,-0.017015,-0.005926,0.2133,17.0,False,False
real_time_overlap,26,slowdown,NoDur,338,330,-0.031407,4.9e-05,0.9966,48.0,False,False
real_time_overlap,26,slowdown,Durbl,338,330,0.017433,-0.018227,0.4983,30.0,False,False
real_time_overlap,26,slowdown,Manuf,338,330,-0.001697,-0.003368,0.8038,43.0,False,False
real_time_overlap,26,slowdown,Enrgy,338,330,-0.05353,-0.030125,0.2816,20.0,False,False
real_time_overlap,26,slowdown,Chems,338,330,-0.035198,-0.000771,0.8771,46.0,False,False
real_time_overlap,26,slowdown,BusEq,338,330,0.040574,0.005737,0.3464,26.0,False,False
real_time_overlap,26,slowdown,Telcm,338,330,-0.030511,0.00829,0.2935,21.0,False,False
real_time_overlap,26,slowdown,Utils,338,330,-0.015457,0.002556,0.8038,44.0,False,False
real_time_overlap,26,slowdown,Shops,338,330,0.003785,0.002549,0.7253,39.0,False,False
real_time_overlap,26,slowdown,Hlth,338,330,-0.012997,0.000604,0.9608,47.0,False,False
real_time_overlap,26,slowdown,Money,338,330,-0.012303,-0.009122,0.2952,22.0,False,False
real_time_overlap,26,slowdown,Other,338,330,-0.012315,-0.001227,0.8328,45.0,False,False
real_time_overlap,26,contraction,NoDur,18,18,-0.08682,-0.055364,0.3874,27.0,False,False
real_time_overlap,26,contraction,Durbl,18,18,0.822912,0.787252,0.0017,1.0,True,False
real_time_overlap,26,contraction,Manuf,18,18,0.032178,0.030507,0.6092,35.0,False,False
real_time_overlap,26,contraction,Enrgy,18,18,-0.297074,-0.273669,0.0683,6.0,False,False
real_time_overlap,26,contraction,Chems,18,18,-0.00905,0.025377,0.6655,38.0,False,False
real_time_overlap,26,contraction,BusEq,18,18,0.071724,0.036887,0.2696,19.0,False,False
real_time_overlap,26,contraction,Telcm,18,18,-0.083841,-0.04504,0.4949,29.0,False,False
real_time_overlap,26,contraction,Utils,18,18,-0.165181,-0.147168,0.0444,4.0,False,False
real_time_overlap,26,contraction,Shops,18,18,0.042401,0.041165,0.3157,24.0,False,False
real_time_overlap,26,contraction,Hlth,18,18,-0.106304,-0.092704,0.0563,5.0,False,False
real_time_overlap,26,contraction,Money,18,18,-0.08161,-0.078429,0.0751,9.0,False,False
real_time_overlap,26,contraction,Other,18,18,0.049973,0.061062,0.0734,8.0,False,False
revised_long_ex_covid,4,recovery,NoDur,125,125,0.00149,0.002368,0.7009,29.0,False,False
revised_long_ex_covid,4,recovery,Durbl,125,125,0.006612,0.007411,0.3853,15.0,False,False
revised_long_ex_covid,4,recovery,Manuf,125,125,0.004898,0.003085,0.4392,18.0,False,False
revised_long_ex_covid,4,recovery,Enrgy,125,125,0.002513,0.001377,0.8797,40.0,False,False
revised_long_ex_covid,4,recovery,Chems,125,125,0.002264,0.003873,0.403,16.0,False,False
revised_long_ex_covid,4,recovery,BusEq,125,125,0.001106,-0.00203,0.7166,31.0,False,False
revised_long_ex_covid,4,recovery,Telcm,125,125,0.003178,0.006408,0.2794,9.0,False,False
revised_long_ex_covid,4,recovery,Utils,125,125,-0.003601,-0.003219,0.6108,25.0,False,False
revised_long_ex_covid,4,recovery,Shops,125,125,-0.001465,-0.001691,0.6963,28.0,False,False
revised_long_ex_covid,4,recovery,Hlth,125,125,-0.003571,-0.00399,0.3649,12.0,False,False
revised_long_ex_covid,4,recovery,Money,125,125,0.002438,0.001936,0.7331,33.0,False,False
revised_long_ex_covid,4,recovery,Other,125,125,0.002476,0.004687,0.094,4.0,False,False
revised_long_ex_covid,4,expansion,NoDur,685,680,-0.000511,0.000366,0.8606,39.0,False,False
revised_long_ex_covid,4,expansion,Durbl,685,680,-0.0089,-0.0081,0.0118,2.0,False,False
revised_long_ex_covid,4,expansion,Manuf,685,680,0.002632,0.000819,0.5766,23.0,False,False
revised_long_ex_covid,4,expansion,Enrgy,685,680,0.001222,8.7e-05,0.975,45.0,False,False
revised_long_ex_covid,4,expansion,Chems,685,680,-0.002781,-0.001172,0.5016,20.0,False,False
revised_long_ex_covid,4,expansion,BusEq,685,680,0.003934,0.000798,0.7087,30.0,False,False
revised_long_ex_covid,4,expansion,Telcm,685,680,-0.003241,-1.1e-05,0.9967,48.0,False,False
revised_long_ex_covid,4,expansion,Utils,685,680,-0.000689,-0.000307,0.8941,42.0,False,False
revised_long_ex_covid,4,expansion,Shops,685,680,-0.001564,-0.001791,0.192,6.0,False,False
revised_long_ex_covid,4,expansion,Hlth,685,680,0.001286,0.000868,0.5989,24.0,False,False
revised_long_ex_covid,4,expansion,Money,685,680,-0.00051,-0.001011,0.5503,22.0,False,False
revised_long_ex_covid,4,expansion,Other,685,680,-0.002198,1.4e-05,0.9882,46.0,False,False
revised_long_ex_covid,4,slowdown,NoDur,674,669,-0.003418,-0.00254,0.192,7.0,False,False
revised_long_ex_covid,4,slowdown,Durbl,674,669,0.00526,0.006059,0.073,3.0,False,False
revised_long_ex_covid,4,slowdown,Manuf,674,669,0.000612,-0.001202,0.4379,17.0,False,False
revised_long_ex_covid,4,slowdown,Enrgy,674,669,0.000736,-0.0004,0.8856,41.0,False,False
revised_long_ex_covid,4,slowdown,Chems,674,669,-0.002078,-0.000469,0.7765,35.0,False,False
revised_long_ex_covid,4,slowdown,BusEq,674,669,0.003156,1.9e-05,0.9954,47.0,False,False
revised_long_ex_covid,4,slowdown,Telcm,674,669,-0.003902,-0.000672,0.7745,34.0,False,False
revised_long_ex_covid,4,slowdown,Utils,674,669,-0.00047,-8.8e-05,0.9698,43.0,False,False
revised_long_ex_covid,4,slowdown,Shops,674,669,0.000505,0.000279,0.8356,38.0,False,False
revised_long_ex_covid,4,slowdown,Hlth,674,669,-0.000709,-0.001127,0.5194,21.0,False,False
revised_long_ex_covid,4,slowdown,Money,674,669,0.002029,0.001528,0.3826,14.0,False,False
revised_long_ex_covid,4,slowdown,Other,674,669,-0.002952,-0.000741,0.4721,19.0,False,False
revised_long_ex_covid,4,contraction,NoDur,139,139,0.007422,0.0083,0.1479,5.0,False,False
revised_long_ex_covid,4,contraction,Durbl,139,139,0.003001,0.0038,0.6128,26.0,False,False
revised_long_ex_covid,4,contraction,Manuf,139,139,0.000819,-0.000994,0.7995,37.0,False,False
revised_long_ex_covid,4,contraction,Enrgy,139,139,0.001398,0.000262,0.973,44.0,False,False
revised_long_ex_covid,4,contraction,Chems,139,139,0.002898,0.004507,0.3583,10.0,False,False
revised_long_ex_covid,4,contraction,BusEq,139,139,0.000966,-0.00217,0.6252,27.0,False,False
revised_long_ex_covid,4,contraction,Telcm,139,139,-0.005706,-0.002476,0.7199,32.0,False,False
revised_long_ex_covid,4,contraction,Utils,139,139,0.004437,0.004819,0.3629,11.0,False,False
revised_long_ex_covid,4,contraction,Shops,139,139,0.009164,0.008938,0.0046,1.0,False,False
revised_long_ex_covid,4,contraction,Hlth,139,139,0.005184,0.004766,0.2722,8.0,False,False
revised_long_ex_covid,4,contraction,Money,139,139,-0.003646,-0.004148,0.3748,13.0,False,False
revised_long_ex_covid,4,contraction,Other,139,139,-0.002927,-0.000716,0.7778,36.0,False,False
revised_long_ex_covid,13,recovery,NoDur,125,125,0.005459,0.008384,0.67,30.0,False,False
revised_long_ex_covid,13,recovery,Durbl,125,125,0.021648,0.0242,0.355,17.0,False,False
revised_long_ex_covid,13,recovery,Manuf,125,125,0.019071,0.014168,0.2722,12.0,False,False
revised_long_ex_covid,13,recovery,Enrgy,125,125,0.00859,0.006647,0.7936,34.0,False,False
revised_long_ex_covid,13,recovery,Chems,125,125,0.00868,0.013882,0.3399,16.0,False,False
revised_long_ex_covid,13,recovery,BusEq,125,125,0.00663,-0.003933,0.8041,35.0,False,False
revised_long_ex_covid,13,recovery,Telcm,125,125,0.015641,0.025489,0.1644,6.0,False,False
revised_long_ex_covid,13,recovery,Utils,125,125,-0.00939,-0.008682,0.641,28.0,False,False
revised_long_ex_covid,13,recovery,Shops,125,125,-0.007248,-0.00841,0.526,26.0,False,False
revised_long_ex_covid,13,recovery,Hlth,125,125,-0.013783,-0.014723,0.2801,13.0,False,False
revised_long_ex_covid,13,recovery,Money,125,125,0.001364,0.000536,0.9822,47.0,False,False
revised_long_ex_covid,13,recovery,Other,125,125,0.005882,0.013322,0.1072,3.0,False,False
revised_long_ex_covid,13,expansion,NoDur,685,671,-0.005208,-0.002282,0.6575,29.0,False,False
revised_long_ex_covid,13,expansion,Durbl,685,671,-0.02168,-0.019128,0.0197,2.0,False,False
revised_long_ex_covid,13,expansion,Manuf,685,671,0.003628,-0.001275,0.7298,32.0,False,False
revised_long_ex_covid,13,expansion,Enrgy,685,671,-0.00012,-0.002062,0.812,36.0,False,False
revised_long_ex_covid,13,expansion,Chems,685,671,-0.012159,-0.006956,0.1394,4.0,False,False
revised_long_ex_covid,13,expansion,BusEq,685,671,0.009985,-0.000578,0.9086,45.0,False,False
revised_long_ex_covid,13,expansion,Telcm,685,671,-0.005859,0.003989,0.4175,18.0,False,False
revised_long_ex_covid,13,expansion,Utils,685,671,0.000111,0.000819,0.881,43.0,False,False
revised_long_ex_covid,13,expansion,Shops,685,671,-0.003019,-0.004181,0.2998,14.0,False,False
revised_long_ex_covid,13,expansion,Hlth,685,671,0.005902,0.004962,0.2577,10.0,False,False
revised_long_ex_covid,13,expansion,Money,685,671,0.00196,0.001131,0.7765,33.0,False,False
revised_long_ex_covid,13,expansion,Other,685,671,-0.00703,0.00041,0.8771,42.0,False,False
revised_long_ex_covid,13,slowdown,NoDur,674,669,-0.00758,-0.004655,0.43,19.0,False,False
revised_long_ex_covid,13,slowdown,Durbl,674,669,0.008382,0.010933,0.2104,8.0,False,False
revised_long_ex_covid,13,slowdown,Manuf,674,669,0.003896,-0.001007,0.8172,39.0,False,False
revised_long_ex_covid,13,slowdown,Enrgy,674,669,0.006318,0.004376,0.5233,25.0,False,False
revised_long_ex_covid,13,slowdown,Chems,674,669,-0.004148,0.001055,0.8153,38.0,False,False
revised_long_ex_covid,13,slowdown,BusEq,674,669,0.012417,0.001854,0.7291,31.0,False,False
revised_long_ex_covid,13,slowdown,Telcm,674,669,-0.016005,-0.006157,0.2709,11.0,False,False
revised_long_ex_covid,13,slowdown,Utils,674,669,-0.000663,4.5e-05,0.9921,48.0,False,False
revised_long_ex_covid,13,slowdown,Shops,674,669,0.000986,-0.000176,0.9527,46.0,False,False
revised_long_ex_covid,13,slowdown,Hlth,674,669,-0.00465,-0.00559,0.1788,7.0,False,False
revised_long_ex_covid,13,slowdown,Money,674,669,0.001804,0.000976,0.8139,37.0,False,False
revised_long_ex_covid,13,slowdown,Other,674,669,-0.009217,-0.001777,0.5076,24.0,False,False
revised_long_ex_covid,13,contraction,NoDur,139,139,0.022953,0.025878,0.1617,5.0,False,False
revised_long_ex_covid,13,contraction,Durbl,139,139,0.015401,0.017952,0.4431,20.0,False,False
revised_long_ex_covid,13,contraction,Manuf,139,139,0.003163,-0.00174,0.8974,44.0,False,False
revised_long_ex_covid,13,contraction,Enrgy,139,139,-0.015138,-0.017081,0.4957,23.0,False,False
revised_long_ex_covid,13,contraction,Chems,139,139,0.010817,0.01602,0.3195,15.0,False,False
revised_long_ex_covid,13,contraction,BusEq,139,139,0.007967,-0.002595,0.8508,41.0,False,False
revised_long_ex_covid,13,contraction,Telcm,139,139,-0.022392,-0.012544,0.5654,27.0,False,False
revised_long_ex_covid,13,contraction,Utils,139,139,0.002926,0.003634,0.8251,40.0,False,False
revised_long_ex_covid,13,contraction,Shops,139,139,0.029757,0.028594,0.0085,1.0,False,False
revised_long_ex_covid,13,contraction,Hlth,139,139,0.017129,0.016189,0.213,9.0,False,False
revised_long_ex_covid,13,contraction,Money,139,139,-0.009812,-0.01064,0.4832,21.0,False,False
revised_long_ex_covid,13,contraction,Other,139,139,-0.012849,-0.005409,0.4839,22.0,False,False
revised_long_ex_covid,26,recovery,NoDur,125,125,-0.000412,0.006152,0.854,41.0,False,False
revised_long_ex_covid,26,recovery,Durbl,125,125,0.067168,0.070892,0.0796,3.0,False,False
revised_long_ex_covid,26,recovery,Manuf,125,125,0.035068,0.025943,0.3616,15.0,False,False
revised_long_ex_covid,26,recovery,Enrgy,125,125,0.02673,0.025224,0.6239,27.0,False,False
revised_long_ex_covid,26,recovery,Chems,125,125,0.015717,0.026044,0.3458,13.0,False,False
revised_long_ex_covid,26,recovery,BusEq,125,125,0.010935,-0.010623,0.7212,33.0,False,False
revised_long_ex_covid,26,recovery,Telcm,125,125,0.010793,0.028712,0.4451,19.0,False,False
revised_long_ex_covid,26,recovery,Utils,125,125,-0.008382,-0.006676,0.8448,39.0,False,False
revised_long_ex_covid,26,recovery,Shops,125,125,-0.015922,-0.018848,0.4596,21.0,False,False
revised_long_ex_covid,26,recovery,Hlth,125,125,-0.023177,-0.026138,0.3281,12.0,False,False
revised_long_ex_covid,26,recovery,Money,125,125,-0.012607,-0.013918,0.668,29.0,False,False
revised_long_ex_covid,26,recovery,Other,125,125,0.007516,0.022899,0.1341,6.0,False,False
revised_long_ex_covid,26,expansion,NoDur,685,667,-0.010786,-0.004223,0.6838,31.0,False,False
revised_long_ex_covid,26,expansion,Durbl,685,667,-0.032998,-0.029274,0.0355,2.0,False,False
revised_long_ex_covid,26,expansion,Manuf,685,667,0.001098,-0.008028,0.2656,10.0,False,False
revised_long_ex_covid,26,expansion,Enrgy,685,667,0.010345,0.00884,0.5424,24.0,False,False
revised_long_ex_covid,26,expansion,Chems,685,667,-0.015864,-0.005537,0.4379,18.0,False,False
revised_long_ex_covid,26,expansion,BusEq,685,667,0.025225,0.003667,0.6897,32.0,False,False
revised_long_ex_covid,26,expansion,Telcm,685,667,-0.015295,0.002625,0.7725,37.0,False,False
revised_long_ex_covid,26,expansion,Utils,685,667,0.004308,0.006014,0.5312,23.0,False,False
revised_long_ex_covid,26,expansion,Shops,685,667,-0.003139,-0.006065,0.4063,17.0,False,False
revised_long_ex_covid,26,expansion,Hlth,685,667,0.013829,0.010868,0.1381,7.0,False,False
revised_long_ex_covid,26,expansion,Money,685,667,0.003996,0.002685,0.7344,35.0,False,False
revised_long_ex_covid,26,expansion,Other,685,667,-0.016944,-0.00156,0.7383,36.0,False,False
revised_long_ex_covid,26,slowdown,NoDur,674,660,-0.016008,-0.009445,0.3853,16.0,False,False
revised_long_ex_covid,26,slowdown,Durbl,674,660,-0.001708,0.002016,0.8876,42.0,False,False
revised_long_ex_covid,26,slowdown,Manuf,674,660,0.009813,0.000688,0.9369,45.0,False,False
revised_long_ex_covid,26,slowdown,Enrgy,674,660,-0.005443,-0.006949,0.6121,26.0,False,False
revised_long_ex_covid,26,slowdown,Chems,674,660,-0.019092,-0.008765,0.359,14.0,False,False
revised_long_ex_covid,26,slowdown,BusEq,674,660,0.022782,0.001224,0.8988,43.0,False,False
revised_long_ex_covid,26,slowdown,Telcm,674,660,-0.017565,0.000355,0.9691,48.0,False,False
revised_long_ex_covid,26,slowdown,Utils,674,660,-0.003479,-0.001772,0.8494,40.0,False,False
revised_long_ex_covid,26,slowdown,Shops,674,660,0.001427,-0.001499,0.7982,38.0,False,False
revised_long_ex_covid,26,slowdown,Hlth,674,660,-0.006031,-0.008992,0.1933,8.0,False,False
revised_long_ex_covid,26,slowdown,Money,674,660,0.001831,0.000519,0.9264,44.0,False,False
revised_long_ex_covid,26,slowdown,Other,674,660,-0.015709,-0.000326,0.9382,46.0,False,False
revised_long_ex_covid,26,contraction,NoDur,139,139,0.053011,0.059575,0.1223,5.0,False,False
revised_long_ex_covid,26,contraction,Durbl,139,139,0.063424,0.067148,0.1006,4.0,False,False
revised_long_ex_covid,26,contraction,Manuf,139,139,0.021053,0.011927,0.7226,34.0,False,False
revised_long_ex_covid,26,contraction,Enrgy,139,139,-0.030602,-0.032108,0.522,22.0,False,False
revised_long_ex_covid,26,contraction,Chems,139,139,0.034441,0.044768,0.1979,9.0,False,False
revised_long_ex_covid,26,contraction,BusEq,139,139,0.007702,-0.013856,0.5891,25.0,False,False
revised_long_ex_covid,26,contraction,Telcm,139,139,-0.058018,-0.040099,0.2867,11.0,False,False
revised_long_ex_covid,26,contraction,Utils,139,139,-0.016147,-0.014441,0.6726,30.0,False,False
revised_long_ex_covid,26,contraction,Shops,139,139,0.056097,0.053171,0.0131,1.0,False,False
revised_long_ex_covid,26,contraction,Hlth,139,139,0.017013,0.014052,0.6476,28.0,False,False
revised_long_ex_covid,26,contraction,Money,139,139,-0.001519,-0.002831,0.9408,47.0,False,False
revised_long_ex_covid,26,contraction,Other,139,139,-0.02694,-0.011557,0.453,20.0,False,False
revised_long_ex_gfc,4,recovery,NoDur,121,121,0.000247,0.001772,0.7658,36.0,False,False
revised_long_ex_gfc,4,recovery,Durbl,121,121,0.020751,0.019366,0.0926,5.0,False,False
revised_long_ex_gfc,4,recovery,Manuf,121,121,0.004769,0.003126,0.4384,17.0,False,False
revised_long_ex_gfc,4,recovery,Enrgy,121,121,0.003829,0.003475,0.7114,33.0,False,False
revised_long_ex_gfc,4,recovery,Chems,121,121,-0.000228,0.001745,0.7039,32.0,False,False
revised_long_ex_gfc,4,recovery,BusEq,121,121,0.000391,-0.002799,0.6236,28.0,False,False
revised_long_ex_gfc,4,recovery,Telcm,121,121,0.00237,0.006054,0.2995,11.0,False,False
revised_long_ex_gfc,4,recovery,Utils,121,121,-0.006601,-0.005656,0.373,14.0,False,False
revised_long_ex_gfc,4,recovery,Shops,121,121,-0.003133,-0.003101,0.5187,23.0,False,False
revised_long_ex_gfc,4,recovery,Hlth,121,121,-0.00617,-0.006235,0.2655,9.0,False,False
revised_long_ex_gfc,4,recovery,Money,121,121,0.003372,0.002771,0.629,29.0,False,False
revised_long_ex_gfc,4,recovery,Other,121,121,0.003371,0.005419,0.0742,4.0,False,False
revised_long_ex_gfc,4,expansion,NoDur,685,680,-0.000511,0.001014,0.5943,26.0,False,False
revised_long_ex_gfc,4,expansion,Durbl,685,680,-0.0089,-0.010284,0.0007,1.0,True,True
revised_long_ex_gfc,4,expansion,Manuf,685,680,0.002632,0.000989,0.4867,20.0,False,False
revised_long_ex_gfc,4,expansion,Enrgy,685,680,0.001222,0.000868,0.8148,40.0,False,False
revised_long_ex_gfc,4,expansion,Chems,685,680,-0.002781,-0.000809,0.6222,27.0,False,False
revised_long_ex_gfc,4,expansion,BusEq,685,680,0.003934,0.000744,0.7223,34.0,False,False
revised_long_ex_gfc,4,expansion,Telcm,685,680,-0.003241,0.000442,0.7917,38.0,False,False
revised_long_ex_gfc,4,expansion,Utils,685,680,-0.000689,0.000256,0.9067,44.0,False,False
revised_long_ex_gfc,4,expansion,Shops,685,680,-0.001564,-0.001533,0.2526,8.0,False,False
revised_long_ex_gfc,4,expansion,Hlth,685,680,0.001286,0.001221,0.4826,19.0,False,False
revised_long_ex_gfc,4,expansion,Money,685,680,-0.00051,-0.001111,0.4901,21.0,False,False
revised_long_ex_gfc,4,expansion,Other,685,680,-0.002198,-0.000149,0.8761,43.0,False,False
revised_long_ex_gfc,4,slowdown,NoDur,674,669,-0.003249,-0.001724,0.386,16.0,False,False
revised_long_ex_gfc,4,slowdown,Durbl,674,669,0.004755,0.00337,0.3111,12.0,False,False
revised_long_ex_gfc,4,slowdown,Manuf,674,669,0.000345,-0.001298,0.3764,15.0,False,False
revised_long_ex_gfc,4,slowdown,Enrgy,674,669,0.000428,7.4e-05,0.9775,47.0,False,False
revised_long_ex_gfc,4,slowdown,Chems,674,669,-0.001988,-1.6e-05,0.9925,48.0,False,False
revised_long_ex_gfc,4,slowdown,BusEq,674,669,0.003431,0.000241,0.9129,46.0,False,False
revised_long_ex_gfc,4,slowdown,Telcm,674,669,-0.003932,-0.000248,0.9115,45.0,False,False
revised_long_ex_gfc,4,slowdown,Utils,674,669,-0.000331,0.000614,0.7958,39.0,False,False
revised_long_ex_gfc,4,slowdown,Shops,674,669,0.000413,0.000445,0.7658,37.0,False,False
revised_long_ex_gfc,4,slowdown,Hlth,674,669,-0.000308,-0.000373,0.8312,41.0,False,False
revised_long_ex_gfc,4,slowdown,Money,674,669,0.001656,0.001055,0.5065,22.0,False,False
revised_long_ex_gfc,4,slowdown,Other,674,669,-0.003293,-0.001245,0.2219,7.0,False,False
revised_long_ex_gfc,4,contraction,NoDur,91,91,0.001217,0.002742,0.6358,30.0,False,False
revised_long_ex_gfc,4,contraction,Durbl,91,91,0.027704,0.026319,0.0293,3.0,False,False
revised_long_ex_gfc,4,contraction,Manuf,91,91,-0.00036,-0.002003,0.6712,31.0,False,False
revised_long_ex_gfc,4,contraction,Enrgy,91,91,-0.011299,-0.011653,0.2764,10.0,False,False
revised_long_ex_gfc,4,contraction,Chems,91,91,0.001871,0.003844,0.4588,18.0,False,False
revised_long_ex_gfc,4,contraction,BusEq,91,91,-0.000417,-0.003607,0.5671,24.0,False,False
revised_long_ex_gfc,4,contraction,Telcm,91,91,-0.013214,-0.00953,0.1409,6.0,False,False
revised_long_ex_gfc,4,contraction,Utils,91,91,0.000154,0.001099,0.8502,42.0,False,False
revised_long_ex_gfc,4,contraction,Shops,91,91,0.012279,0.01231,0.002,2.0,True,False
revised_long_ex_gfc,4,contraction,Hlth,91,91,0.001973,0.001908,0.7413,35.0,False,False
revised_long_ex_gfc,4,contraction,Money,91,91,-0.002532,-0.003133,0.5909,25.0,False,False
revised_long_ex_gfc,4,contraction,Other,91,91,0.001017,0.003065,0.3628,13.0,False,False
revised_long_ex_gfc,13,recovery,NoDur,121,121,-0.000374,0.004854,0.8005,38.0,False,False
revised_long_ex_gfc,13,recovery,Durbl,121,121,0.059521,0.055064,0.1137,6.0,False,False
revised_long_ex_gfc,13,recovery,Manuf,121,121,0.019791,0.014984,0.2553,13.0,False,False
revised_long_ex_gfc,13,recovery,Enrgy,121,121,0.031433,0.029812,0.3261,17.0,False,False
revised_long_ex_gfc,13,recovery,Chems,121,121,-0.004491,0.002183,0.8645,42.0,False,False
revised_long_ex_gfc,13,recovery,BusEq,121,121,0.004818,-0.005593,0.7291,35.0,False,False
revised_long_ex_gfc,13,recovery,Telcm,121,121,0.013281,0.024405,0.162,9.0,False,False
revised_long_ex_gfc,13,recovery,Utils,121,121,-0.015925,-0.012977,0.5194,24.0,False,False
revised_long_ex_gfc,13,recovery,Shops,121,121,-0.018233,-0.018479,0.2342,12.0,False,False
revised_long_ex_gfc,13,recovery,Hlth,121,121,-0.020151,-0.019478,0.2594,15.0,False,False
revised_long_ex_gfc,13,recovery,Money,121,121,0.009876,0.008323,0.6787,31.0,False,False
revised_long_ex_gfc,13,recovery,Other,121,121,0.007278,0.013896,0.1355,7.0,False,False
revised_long_ex_gfc,13,expansion,NoDur,685,671,-0.005208,2e-05,0.9959,48.0,False,False
revised_long_ex_gfc,13,expansion,Durbl,685,671,-0.02168,-0.026137,0.0007,1.0,True,True
revised_long_ex_gfc,13,expansion,Manuf,685,671,0.003628,-0.001179,0.7686,37.0,False,False
revised_long_ex_gfc,13,expansion,Enrgy,685,671,-0.00012,-0.001741,0.8502,41.0,False,False
revised_long_ex_gfc,13,expansion,Chems,685,671,-0.012159,-0.005485,0.2158,11.0,False,False
revised_long_ex_gfc,13,expansion,BusEq,685,671,0.009985,-0.000427,0.9442,45.0,False,False
revised_long_ex_gfc,13,expansion,Telcm,685,671,-0.005859,0.005266,0.2818,16.0,False,False
revised_long_ex_gfc,13,expansion,Utils,685,671,0.000111,0.003059,0.6467,28.0,False,False
revised_long_ex_gfc,13,expansion,Shops,685,671,-0.003019,-0.003265,0.4057,21.0,False,False
revised_long_ex_gfc,13,expansion,Hlth,685,671,0.005902,0.006574,0.1593,8.0,False,False
revised_long_ex_gfc,13,expansion,Money,685,671,0.00196,0.000407,0.919,44.0,False,False
revised_long_ex_gfc,13,expansion,Other,685,671,-0.00703,-0.000411,0.8768,43.0,False,False
revised_long_ex_gfc,13,slowdown,NoDur,674,669,-0.007894,-0.002666,0.6664,29.0,False,False
revised_long_ex_gfc,13,slowdown,Durbl,674,669,0.008799,0.004342,0.6399,27.0,False,False
revised_long_ex_gfc,13,slowdown,Manuf,674,669,0.003432,-0.001375,0.725,34.0,False,False
revised_long_ex_gfc,13,slowdown,Enrgy,674,669,0.005926,0.004305,0.6215,26.0,False,False
revised_long_ex_gfc,13,slowdown,Chems,674,669,-0.004546,0.002128,0.6698,30.0,False,False
revised_long_ex_gfc,13,slowdown,BusEq,674,669,0.012844,0.002432,0.695,33.0,False,False
revised_long_ex_gfc,13,slowdown,Telcm,674,669,-0.01618,-0.005056,0.3649,19.0,False,False
revised_long_ex_gfc,13,slowdown,Utils,674,669,-0.001107,0.001841,0.7488,36.0,False,False
revised_long_ex_gfc,13,slowdown,Shops,674,669,0.001021,0.000775,0.8421,40.0,False,False
revised_long_ex_gfc,13,slowdown,Hlth,674,669,-0.00436,-0.003687,0.403,20.0,False,False
revised_long_ex_gfc,13,slowdown,Money,674,669,0.001651,9.7e-05,0.9877,47.0,False,False
revised_long_ex_gfc,13,slowdown,Other,674,669,-0.009528,-0.002909,0.2553,14.0,False,False
revised_long_ex_gfc,13,contraction,NoDur,91,91,0.007766,0.012994,0.4799,23.0,False,False
revised_long_ex_gfc,13,contraction,Durbl,91,91,0.092044,0.087587,0.0265,3.0,False,False
revised_long_ex_gfc,13,contraction,Manuf,91,91,0.003678,-0.001129,0.9666,46.0,False,False
revised_long_ex_gfc,13,contraction,Enrgy,91,91,-0.05683,-0.058451,0.0912,4.0,False,False
revised_long_ex_gfc,13,contraction,Chems,91,91,0.015228,0.021901,0.211,10.0,False,False
revised_long_ex_gfc,13,contraction,BusEq,91,91,0.003113,-0.007299,0.6903,32.0,False,False
revised_long_ex_gfc,13,contraction,Telcm,91,91,-0.045234,-0.03411,0.0953,5.0,False,False
revised_long_ex_gfc,13,contraction,Utils,91,91,-0.021779,-0.018831,0.3587,18.0,False,False
revised_long_ex_gfc,13,contraction,Shops,91,91,0.043198,0.042952,0.0007,2.0,True,True
revised_long_ex_gfc,13,contraction,Hlth,91,91,0.00386,0.004533,0.8251,39.0,False,False
revised_long_ex_gfc,13,contraction,Money,91,91,-0.013229,-0.014782,0.4221,22.0,False,False
revised_long_ex_gfc,13,contraction,Other,91,91,-0.000676,0.005943,0.6059,25.0,False,False
revised_long_ex_gfc,26,recovery,NoDur,121,121,-0.010125,0.000642,0.9871,46.0,False,False
revised_long_ex_gfc,26,recovery,Durbl,121,121,0.108276,0.099167,0.1321,7.0,False,False
revised_long_ex_gfc,26,recovery,Manuf,121,121,0.039128,0.029348,0.2246,14.0,False,False
revised_long_ex_gfc,26,recovery,Enrgy,121,121,0.101615,0.097698,0.1593,10.0,False,False
revised_long_ex_gfc,26,recovery,Chems,121,121,-0.00756,0.005376,0.8332,39.0,False,False
revised_long_ex_gfc,26,recovery,BusEq,121,121,0.00586,-0.015119,0.6542,31.0,False,False
revised_long_ex_gfc,26,recovery,Telcm,121,121,-0.001606,0.019015,0.6406,30.0,False,False
revised_long_ex_gfc,26,recovery,Utils,121,121,-0.023097,-0.018168,0.6317,29.0,False,False
revised_long_ex_gfc,26,recovery,Shops,121,121,-0.039031,-0.039773,0.1675,11.0,False,False
revised_long_ex_gfc,26,recovery,Hlth,121,121,-0.03459,-0.033771,0.2689,15.0,False,False
revised_long_ex_gfc,26,recovery,Money,121,121,0.015438,0.012218,0.7808,38.0,False,False
revised_long_ex_gfc,26,recovery,Other,121,121,0.010976,0.024548,0.1477,8.0,False,False
revised_long_ex_gfc,26,expansion,NoDur,685,667,-0.010786,-1.9e-05,0.9993,48.0,False,False
revised_long_ex_gfc,26,expansion,Durbl,685,667,-0.032998,-0.042107,0.0088,2.0,False,False
revised_long_ex_gfc,26,expansion,Manuf,685,667,0.001098,-0.008682,0.211,13.0,False,False
revised_long_ex_gfc,26,expansion,Enrgy,685,667,0.010345,0.006428,0.7788,37.0,False,False
revised_long_ex_gfc,26,expansion,Chems,685,667,-0.015864,-0.002929,0.6569,32.0,False,False
revised_long_ex_gfc,26,expansion,BusEq,685,667,0.025225,0.004246,0.7127,34.0,False,False
revised_long_ex_gfc,26,expansion,Telcm,685,667,-0.015295,0.005327,0.5534,24.0,False,False
revised_long_ex_gfc,26,expansion,Utils,685,667,0.004308,0.009238,0.4037,19.0,False,False
revised_long_ex_gfc,26,expansion,Shops,685,667,-0.003139,-0.003881,0.5861,26.0,False,False
revised_long_ex_gfc,26,expansion,Hlth,685,667,0.013829,0.014648,0.0551,5.0,False,False
revised_long_ex_gfc,26,expansion,Money,685,667,0.003996,0.000776,0.9135,44.0,False,False
revised_long_ex_gfc,26,expansion,Other,685,667,-0.016944,-0.003372,0.3955,18.0,False,False
revised_long_ex_gfc,26,slowdown,NoDur,674,660,-0.016522,-0.005755,0.6031,28.0,False,False
revised_long_ex_gfc,26,slowdown,Durbl,674,660,0.001858,-0.007251,0.6739,33.0,False,False
revised_long_ex_gfc,26,slowdown,Manuf,674,660,0.00933,-0.00045,0.9592,45.0,False,False
revised_long_ex_gfc,26,slowdown,Enrgy,674,660,-0.007599,-0.011516,0.4915,23.0,False,False
revised_long_ex_gfc,26,slowdown,Chems,674,660,-0.019432,-0.006497,0.4554,22.0,False,False
revised_long_ex_gfc,26,slowdown,BusEq,674,660,0.023379,0.0024,0.8775,43.0,False,False
revised_long_ex_gfc,26,slowdown,Telcm,674,660,-0.018067,0.002554,0.8339,40.0,False,False
revised_long_ex_gfc,26,slowdown,Utils,674,660,-0.004984,-5.4e-05,0.9959,47.0,False,False
revised_long_ex_gfc,26,slowdown,Shops,674,660,0.001841,0.001099,0.8577,42.0,False,False
revised_long_ex_gfc,26,slowdown,Hlth,674,660,-0.006423,-0.005603,0.4384,21.0,False,False
revised_long_ex_gfc,26,slowdown,Money,674,660,0.001763,-0.001457,0.853,41.0,False,False
revised_long_ex_gfc,26,slowdown,Other,674,660,-0.015643,-0.002071,0.5773,25.0,False,False
revised_long_ex_gfc,26,contraction,NoDur,91,91,0.030257,0.041024,0.2103,12.0,False,False
revised_long_ex_gfc,26,contraction,Durbl,91,91,0.238473,0.229363,0.0197,4.0,False,False
revised_long_ex_gfc,26,contraction,Manuf,91,91,0.037658,0.027878,0.3431,17.0,False,False
revised_long_ex_gfc,26,contraction,Enrgy,91,91,-0.089581,-0.093497,0.1559,9.0,False,False
revised_long_ex_gfc,26,contraction,Chems,91,91,0.048502,0.061438,0.0776,6.0,False,False
revised_long_ex_gfc,26,contraction,BusEq,91,91,-0.007448,-0.028427,0.4295,20.0,False,False
revised_long_ex_gfc,26,contraction,Telcm,91,91,-0.10347,-0.082849,0.0143,3.0,False,False
revised_long_ex_gfc,26,contraction,Utils,91,91,-0.048087,-0.043158,0.2866,16.0,False,False
revised_long_ex_gfc,26,contraction,Shops,91,91,0.074102,0.07336,0.0007,1.0,True,True
revised_long_ex_gfc,26,contraction,Hlth,91,91,-0.02264,-0.02182,0.5936,27.0,False,False
revised_long_ex_gfc,26,contraction,Money,91,91,-0.008142,-0.011362,0.7495,35.0,False,False
revised_long_ex_gfc,26,contraction,Other,91,91,-0.006478,0.007094,0.757,36.0,False,False
revised_long_ex_both,4,recovery,NoDur,95,95,0.003307,0.004462,0.5124,21.0,False,False
revised_long_ex_both,4,recovery,Durbl,95,95,-0.000899,0.00041,0.964,46.0,False,False
revised_long_ex_both,4,recovery,Manuf,95,95,0.003414,0.001589,0.7382,35.0,False,False
revised_long_ex_both,4,recovery,Enrgy,95,95,0.005984,0.004714,0.6415,29.0,False,False
revised_long_ex_both,4,recovery,Chems,95,95,0.001681,0.00356,0.5215,22.0,False,False
revised_long_ex_both,4,recovery,BusEq,95,95,0.000142,-0.002832,0.6076,26.0,False,False
revised_long_ex_both,4,recovery,Telcm,95,95,0.004368,0.007831,0.2265,8.0,False,False
revised_long_ex_both,4,recovery,Utils,95,95,-0.002312,-0.002034,0.7728,36.0,False,False
revised_long_ex_both,4,recovery,Shops,95,95,-0.001049,-0.000791,0.8751,42.0,False,False
revised_long_ex_both,4,recovery,Hlth,95,95,-0.004388,-0.004566,0.3896,18.0,False,False
revised_long_ex_both,4,recovery,Money,95,95,0.002831,0.001808,0.7325,34.0,False,False
revised_long_ex_both,4,recovery,Other,95,95,0.00215,0.004235,0.2569,10.0,False,False
revised_long_ex_both,4,expansion,NoDur,685,680,-0.000511,0.000644,0.6958,31.0,False,False
revised_long_ex_both,4,expansion,Durbl,685,680,-0.0089,-0.00759,0.0042,1.0,False,False
revised_long_ex_both,4,expansion,Manuf,685,680,0.002632,0.000807,0.5582,24.0,False,False
revised_long_ex_both,4,expansion,Enrgy,685,680,0.001222,-4.7e-05,0.9809,47.0,False,False
revised_long_ex_both,4,expansion,Chems,685,680,-0.002781,-0.000903,0.5582,25.0,False,False
revised_long_ex_both,4,expansion,BusEq,685,680,0.003934,0.00096,0.6373,28.0,False,False
revised_long_ex_both,4,expansion,Telcm,685,680,-0.003241,0.000222,0.9174,45.0,False,False
revised_long_ex_both,4,expansion,Utils,685,680,-0.000689,-0.000412,0.8553,38.0,False,False
revised_long_ex_both,4,expansion,Shops,685,680,-0.001564,-0.001306,0.2971,13.0,False,False
revised_long_ex_both,4,expansion,Hlth,685,680,0.001286,0.001108,0.4742,20.0,False,False
revised_long_ex_both,4,expansion,Money,685,680,-0.00051,-0.001533,0.2985,14.0,False,False
revised_long_ex_both,4,expansion,Other,685,680,-0.002198,-0.000113,0.9153,44.0,False,False
revised_long_ex_both,4,slowdown,NoDur,671,666,-0.003353,-0.002198,0.2343,9.0,False,False
revised_long_ex_both,4,slowdown,Durbl,671,666,0.005108,0.006418,0.0275,2.0,False,False
revised_long_ex_both,4,slowdown,Manuf,671,666,0.000521,-0.001304,0.3359,16.0,False,False
revised_long_ex_both,4,slowdown,Enrgy,671,666,0.00084,-0.000429,0.8582,40.0,False,False
revised_long_ex_both,4,slowdown,Chems,671,666,-0.002089,-0.000211,0.9104,43.0,False,False
revised_long_ex_both,4,slowdown,BusEq,671,666,0.003364,0.00039,0.8574,39.0,False,False
revised_long_ex_both,4,slowdown,Telcm,671,666,-0.003918,-0.000456,0.8342,37.0,False,False
revised_long_ex_both,4,slowdown,Utils,671,666,-0.000302,-2.5e-05,0.9908,48.0,False,False
revised_long_ex_both,4,slowdown,Shops,671,666,0.000232,0.00049,0.7043,32.0,False,False
revised_long_ex_both,4,slowdown,Hlth,671,666,-0.000546,-0.000724,0.6676,30.0,False,False
revised_long_ex_both,4,slowdown,Money,671,666,0.001882,0.000859,0.5462,23.0,False,False
revised_long_ex_both,4,slowdown,Other,671,666,-0.003147,-0.001063,0.2837,12.0,False,False
revised_long_ex_both,4,contraction,NoDur,68,68,0.007705,0.00886,0.1835,6.0,False,False
revised_long_ex_both,4,contraction,Durbl,68,68,0.011166,0.012475,0.1849,7.0,False,False
revised_long_ex_both,4,contraction,Manuf,68,68,0.004303,0.002478,0.6083,27.0,False,False
revised_long_ex_both,4,contraction,Enrgy,68,68,-0.000637,-0.001907,0.8716,41.0,False,False
revised_long_ex_both,4,contraction,Chems,68,68,0.004246,0.006124,0.3253,15.0,False,False
revised_long_ex_both,4,contraction,BusEq,68,68,-0.006492,-0.009466,0.1736,5.0,False,False
revised_long_ex_both,4,contraction,Telcm,68,68,-0.012161,-0.008698,0.2788,11.0,False,False
revised_long_ex_both,4,contraction,Utils,68,68,0.006928,0.007206,0.3585,17.0,False,False
revised_long_ex_both,4,contraction,Shops,68,68,0.009103,0.009362,0.048,3.0,False,False
revised_long_ex_both,4,contraction,Hlth,68,68,0.002576,0.002397,0.7107,33.0,False,False
revised_long_ex_both,4,contraction,Money,68,68,0.005409,0.004386,0.4425,19.0,False,False
revised_long_ex_both,4,contraction,Other,68,68,0.003538,0.005623,0.1574,4.0,False,False
revised_long_ex_both,13,recovery,NoDur,95,95,0.010124,0.014,0.4989,24.0,False,False
revised_long_ex_both,13,recovery,Durbl,95,95,-0.000366,0.004183,0.8857,41.0,False,False
revised_long_ex_both,13,recovery,Manuf,95,95,0.014705,0.009751,0.4771,22.0,False,False
revised_long_ex_both,13,recovery,Enrgy,95,95,0.018321,0.015561,0.6203,28.0,False,False
revised_long_ex_both,13,recovery,Chems,95,95,0.006255,0.012357,0.4926,23.0,False,False
revised_long_ex_both,13,recovery,BusEq,95,95,0.006875,-0.002908,0.8236,37.0,False,False
revised_long_ex_both,13,recovery,Telcm,95,95,0.021181,0.031511,0.1009,4.0,False,False
revised_long_ex_both,13,recovery,Utils,95,95,-0.00182,-0.001642,0.9245,43.0,False,False
revised_long_ex_both,13,recovery,Shops,95,95,-0.009803,-0.009692,0.5342,26.0,False,False
revised_long_ex_both,13,recovery,Hlth,95,95,-0.016512,-0.016527,0.2844,12.0,False,False
revised_long_ex_both,13,recovery,Money,95,95,0.002222,-0.000275,0.9845,47.0,False,False
revised_long_ex_both,13,recovery,Other,95,95,0.002709,0.009732,0.3578,15.0,False,False
revised_long_ex_both,13,expansion,NoDur,685,671,-0.005208,-0.001332,0.7946,36.0,False,False
revised_long_ex_both,13,expansion,Durbl,685,671,-0.02168,-0.017131,0.0113,2.0,False,False
revised_long_ex_both,13,expansion,Manuf,685,671,0.003628,-0.001325,0.7481,34.0,False,False
revised_long_ex_both,13,expansion,Enrgy,685,671,-0.00012,-0.00288,0.7092,33.0,False,False
revised_long_ex_both,13,expansion,Chems,685,671,-0.012159,-0.006057,0.1553,7.0,False,False
revised_long_ex_both,13,expansion,BusEq,685,671,0.009985,0.000203,0.9697,46.0,False,False
revised_long_ex_both,13,expansion,Telcm,685,671,-0.005859,0.004471,0.3656,16.0,False,False
revised_long_ex_both,13,expansion,Utils,685,671,0.000111,0.000289,0.9605,45.0,False,False
revised_long_ex_both,13,expansion,Shops,685,671,-0.003019,-0.002908,0.3959,18.0,False,False
revised_long_ex_both,13,expansion,Hlth,685,671,0.005902,0.005887,0.1348,5.0,False,False
revised_long_ex_both,13,expansion,Money,685,671,0.00196,-0.000538,0.8645,39.0,False,False
revised_long_ex_both,13,expansion,Other,685,671,-0.00703,-7e-06,0.9993,48.0,False,False
revised_long_ex_both,13,slowdown,NoDur,671,666,-0.007584,-0.003708,0.5039,25.0,False,False
revised_long_ex_both,13,slowdown,Durbl,671,666,0.008471,0.01302,0.0699,3.0,False,False
revised_long_ex_both,13,slowdown,Manuf,671,666,0.003677,-0.001276,0.698,31.0,False,False
revised_long_ex_both,13,slowdown,Enrgy,671,666,0.005983,0.003223,0.6867,30.0,False,False
revised_long_ex_both,13,slowdown,Chems,671,666,-0.004464,0.001638,0.7742,35.0,False,False
revised_long_ex_both,13,slowdown,BusEq,671,666,0.012594,0.002811,0.6295,29.0,False,False
revised_long_ex_both,13,slowdown,Telcm,671,666,-0.015941,-0.005612,0.3056,14.0,False,False
revised_long_ex_both,13,slowdown,Utils,671,666,-0.000568,-0.00039,0.9457,44.0,False,False
revised_long_ex_both,13,slowdown,Shops,671,666,0.000689,0.0008,0.8638,38.0,False,False
revised_long_ex_both,13,slowdown,Hlth,671,666,-0.00442,-0.004436,0.2943,13.0,False,False
revised_long_ex_both,13,slowdown,Money,671,666,0.002036,-0.000461,0.8948,42.0,False,False
revised_long_ex_both,13,slowdown,Other,671,666,-0.00937,-0.002346,0.3747,17.0,False,False
revised_long_ex_both,13,contraction,NoDur,68,68,0.026016,0.029893,0.1397,6.0,False,False
revised_long_ex_both,13,contraction,Durbl,68,68,0.031123,0.035672,0.1715,8.0,False,False
revised_long_ex_both,13,contraction,Manuf,68,68,0.016902,0.011949,0.4192,19.0,False,False
revised_long_ex_both,13,contraction,Enrgy,68,68,-0.022127,-0.024887,0.4735,21.0,False,False
revised_long_ex_both,13,contraction,Chems,68,68,0.020361,0.026462,0.2047,10.0,False,False
revised_long_ex_both,13,contraction,BusEq,68,68,-0.015688,-0.02547,0.2237,11.0,False,False
revised_long_ex_both,13,contraction,Telcm,68,68,-0.04351,-0.033181,0.1891,9.0,False,False
revised_long_ex_both,13,contraction,Utils,68,68,0.003077,0.003255,0.8652,40.0,False,False
revised_long_ex_both,13,contraction,Shops,68,68,0.034287,0.034398,0.0106,1.0,False,False
revised_long_ex_both,13,contraction,Hlth,68,68,0.008458,0.008443,0.705,32.0,False,False
revised_long_ex_both,13,contraction,Money,68,68,0.012706,0.010209,0.5519,27.0,False,False
revised_long_ex_both,13,contraction,Other,68,68,0.002427,0.00945,0.4538,20.0,False,False
revised_long_ex_both,26,recovery,NoDur,95,95,0.00465,0.013021,0.7382,34.0,False,False
revised_long_ex_both,26,recovery,Durbl,95,95,0.024425,0.034588,0.506,24.0,False,False
revised_long_ex_both,26,recovery,Manuf,95,95,0.026577,0.01768,0.4799,20.0,False,False
revised_long_ex_both,26,recovery,Enrgy,95,95,0.053779,0.049129,0.4093,15.0,False,False
revised_long_ex_both,26,recovery,Chems,95,95,0.014284,0.026055,0.4474,17.0,False,False
revised_long_ex_both,26,recovery,BusEq,95,95,0.011727,-0.008516,0.7657,35.0,False,False
revised_long_ex_both,26,recovery,Telcm,95,95,0.009468,0.028374,0.4975,22.0,False,False
revised_long_ex_both,26,recovery,Utils,95,95,0.004799,0.004583,0.9195,44.0,False,False
revised_long_ex_both,26,recovery,Shops,95,95,-0.026002,-0.026661,0.3126,12.0,False,False
revised_long_ex_both,26,recovery,Hlth,95,95,-0.02301,-0.024762,0.3564,13.0,False,False
revised_long_ex_both,26,recovery,Money,95,95,-0.013365,-0.016896,0.6394,29.0,False,False
revised_long_ex_both,26,recovery,Other,95,95,-0.001294,0.014038,0.4919,21.0,False,False
revised_long_ex_both,26,expansion,NoDur,685,667,-0.010786,-0.002416,0.801,37.0,False,False
revised_long_ex_both,26,expansion,Durbl,685,667,-0.032998,-0.022835,0.0367,2.0,False,False
revised_long_ex_both,26,expansion,Manuf,685,667,0.001098,-0.007799,0.2145,10.0,False,False
revised_long_ex_both,26,expansion,Enrgy,685,667,0.010345,0.005695,0.6782,33.0,False,False
revised_long_ex_both,26,expansion,Chems,685,667,-0.015864,-0.004094,0.5427,25.0,False,False
revised_long_ex_both,26,expansion,BusEq,685,667,0.025225,0.004983,0.5639,27.0,False,False
revised_long_ex_both,26,expansion,Telcm,685,667,-0.015295,0.003611,0.6718,32.0,False,False
revised_long_ex_both,26,expansion,Utils,685,667,0.004308,0.004092,0.6147,28.0,False,False
revised_long_ex_both,26,expansion,Shops,685,667,-0.003139,-0.003798,0.5476,26.0,False,False
revised_long_ex_both,26,expansion,Hlth,685,667,0.013829,0.012076,0.043,3.0,False,False
revised_long_ex_both,26,expansion,Money,685,667,0.003996,0.000465,0.9414,45.0,False,False
revised_long_ex_both,26,expansion,Other,685,667,-0.016944,-0.001611,0.6584,30.0,False,False
revised_long_ex_both,26,slowdown,NoDur,671,657,-0.016079,-0.007708,0.4587,19.0,False,False
revised_long_ex_both,26,slowdown,Durbl,671,657,-0.001123,0.00904,0.415,16.0,False,False
revised_long_ex_both,26,slowdown,Manuf,671,657,0.009754,0.000857,0.8723,40.0,False,False
revised_long_ex_both,26,slowdown,Enrgy,671,657,-0.006224,-0.010874,0.5011,23.0,False,False
revised_long_ex_both,26,slowdown,Chems,671,657,-0.019512,-0.007742,0.3592,14.0,False,False
revised_long_ex_both,26,slowdown,BusEq,671,657,0.022809,0.002567,0.8476,38.0,False,False
revised_long_ex_both,26,slowdown,Telcm,671,657,-0.017545,0.00136,0.897,43.0,False,False
revised_long_ex_both,26,slowdown,Utils,671,657,-0.003767,-0.003983,0.6711,31.0,False,False
revised_long_ex_both,26,slowdown,Shops,671,657,0.001092,0.000433,0.957,47.0,False,False
revised_long_ex_both,26,slowdown,Hlth,671,657,-0.006133,-0.007885,0.2343,11.0,False,False
revised_long_ex_both,26,slowdown,Money,671,657,0.002649,-0.000882,0.8927,42.0,False,False
revised_long_ex_both,26,slowdown,Other,671,657,-0.015636,-0.000303,0.9485,46.0,False,False
revised_long_ex_both,26,contraction,NoDur,68,68,0.071609,0.07998,0.0558,4.0,False,False
revised_long_ex_both,26,contraction,Durbl,68,68,0.078153,0.088316,0.0826,6.0,False,False
revised_long_ex_both,26,contraction,Manuf,68,68,0.05242,0.043523,0.1708,9.0,False,False
revised_long_ex_both,26,contraction,Enrgy,68,68,-0.014781,-0.019431,0.7953,36.0,False,False
revised_long_ex_both,26,contraction,Chems,68,68,0.06678,0.078551,0.0861,7.0,False,False
revised_long_ex_both,26,contraction,BusEq,68,68,-0.041538,-0.06178,0.1404,8.0,False,False
revised_long_ex_both,26,contraction,Telcm,68,68,-0.107109,-0.088203,0.0741,5.0,False,False
revised_long_ex_both,26,contraction,Utils,68,68,-0.007841,-0.008057,0.8567,39.0,False,False
revised_long_ex_both,26,contraction,Shops,68,68,0.070978,0.070319,0.0162,1.0,False,False
revised_long_ex_both,26,contraction,Hlth,68,68,-0.005922,-0.007674,0.8857,41.0,False,False
revised_long_ex_both,26,contraction,Money,68,68,0.031102,0.02757,0.4502,18.0,False,False
revised_long_ex_both,26,contraction,Other,68,68,-0.01621,-0.000877,0.9725,48.0,False,False
real_time_ex_covid,4,recovery,NoDur,10,10,-0.014015,-0.009718,0.5674,25.0,False,False
real_time_ex_covid,4,recovery,Durbl,10,10,-0.007396,-0.006544,0.7303,33.0,False,False
real_time_ex_covid,4,recovery,Manuf,10,10,-0.004026,-0.005387,0.6199,29.0,False,False
real_time_ex_covid,4,recovery,Enrgy,10,10,0.007674,0.009307,0.7172,32.0,False,False
real_time_ex_covid,4,recovery,Chems,10,10,-0.025164,-0.019859,0.1629,13.0,False,False
real_time_ex_covid,4,recovery,BusEq,10,10,0.01528,0.010472,0.3502,18.0,False,False
real_time_ex_covid,4,recovery,Telcm,10,10,-0.025312,-0.019244,0.2566,17.0,False,False
real_time_ex_covid,4,recovery,Utils,10,10,-0.015276,-0.0138,0.4888,20.0,False,False
real_time_ex_covid,4,recovery,Shops,10,10,-0.000102,0.000645,0.9569,36.0,False,False
real_time_ex_covid,4,recovery,Hlth,10,10,-0.01025,-0.00839,0.6086,27.0,False,False
real_time_ex_covid,4,recovery,Money,10,10,-0.001036,-0.00168,0.8633,35.0,False,False
real_time_ex_covid,4,recovery,Other,10,10,0.00829,0.01017,0.2135,15.0,False,False
real_time_ex_covid,4,expansion,NoDur,288,282,-0.000595,0.003702,0.1086,10.0,False,False
real_time_ex_covid,4,expansion,Durbl,288,282,-0.016062,-0.01521,0.0019,1.0,True,False
real_time_ex_covid,4,expansion,Manuf,288,282,0.001801,0.000439,0.8315,34.0,False,False
real_time_ex_covid,4,expansion,Enrgy,288,282,0.001581,0.003214,0.5225,23.0,False,False
real_time_ex_covid,4,expansion,Chems,288,282,-0.001331,0.003975,0.0543,5.0,False,False
real_time_ex_covid,4,expansion,BusEq,288,282,0.001995,-0.002813,0.1142,12.0,False,False
real_time_ex_covid,4,expansion,Telcm,288,282,-0.002762,0.003306,0.2022,14.0,False,False
real_time_ex_covid,4,expansion,Utils,288,282,0.000547,0.002023,0.5056,22.0,False,False
real_time_ex_covid,4,expansion,Shops,288,282,-0.001463,-0.000716,0.5993,26.0,False,False
real_time_ex_covid,4,expansion,Hlth,288,282,0.002489,0.004348,0.0431,4.0,False,False
real_time_ex_covid,4,expansion,Money,288,282,0.004007,0.003363,0.1124,11.0,False,False
real_time_ex_covid,4,expansion,Other,288,282,-0.001285,0.000595,0.6667,30.0,False,False
real_time_ex_covid,4,slowdown,NoDur,328,324,-0.007754,-0.003457,0.1049,9.0,False,False
real_time_ex_covid,4,slowdown,Durbl,328,324,0.012127,0.012979,0.0019,2.0,True,False
real_time_ex_covid,4,slowdown,Manuf,328,324,0.000144,-0.001217,0.5281,24.0,False,False
real_time_ex_covid,4,slowdown,Enrgy,328,324,-0.005257,-0.003624,0.3745,19.0,False,False
real_time_ex_covid,4,slowdown,Chems,328,324,-0.008548,-0.003243,0.0693,6.0,False,False
real_time_ex_covid,4,slowdown,BusEq,328,324,0.007561,0.002754,0.0768,7.0,False,False
real_time_ex_covid,4,slowdown,Telcm,328,324,-0.008817,-0.002749,0.2303,16.0,False,False
real_time_ex_covid,4,slowdown,Utils,328,324,-0.00259,-0.001114,0.6816,31.0,False,False
real_time_ex_covid,4,slowdown,Shops,328,324,-0.000101,0.000646,0.6124,28.0,False,False
real_time_ex_covid,4,slowdown,Hlth,328,324,-0.00622,-0.00436,0.0187,3.0,False,False
real_time_ex_covid,4,slowdown,Money,328,324,-0.002572,-0.003216,0.0824,8.0,False,False
real_time_ex_covid,4,slowdown,Other,328,324,-0.002782,-0.000901,0.4925,21.0,False,False
real_time_ex_covid,4,contraction,NoDur,0,0,,,,,False,False
real_time_ex_covid,4,contraction,Durbl,0,0,,,,,False,False
real_time_ex_covid,4,contraction,Manuf,0,0,,,,,False,False
real_time_ex_covid,4,contraction,Enrgy,0,0,,,,,False,False
real_time_ex_covid,4,contraction,Chems,0,0,,,,,False,False
real_time_ex_covid,4,contraction,BusEq,0,0,,,,,False,False
real_time_ex_covid,4,contraction,Telcm,0,0,,,,,False,False
real_time_ex_covid,4,contraction,Utils,0,0,,,,,False,False
real_time_ex_covid,4,contraction,Shops,0,0,,,,,False,False
real_time_ex_covid,4,contraction,Hlth,0,0,,,,,False,False
real_time_ex_covid,4,contraction,Money,0,0,,,,,False,False
real_time_ex_covid,4,contraction,Other,0,0,,,,,False,False
real_time_ex_covid,13,recovery,NoDur,10,10,-0.011089,0.002564,0.9607,33.0,False,False
real_time_ex_covid,13,recovery,Durbl,10,10,-0.093212,-0.088886,0.2097,4.0,False,False
real_time_ex_covid,13,recovery,Manuf,10,10,0.01827,0.016876,0.573,14.0,False,False
real_time_ex_covid,13,recovery,Enrgy,10,10,0.084595,0.093964,0.1404,1.0,False,False
real_time_ex_covid,13,recovery,Chems,10,10,-0.029572,-0.012641,0.6742,18.0,False,False
real_time_ex_covid,13,recovery,BusEq,10,10,0.014446,-0.002132,0.9213,28.0,False,False
real_time_ex_covid,13,recovery,Telcm,10,10,-0.04486,-0.025983,0.5243,11.0,False,False
real_time_ex_covid,13,recovery,Utils,10,10,-0.019432,-0.015681,0.6966,20.0,False,False
real_time_ex_covid,13,recovery,Shops,10,10,0.001395,0.002088,0.9588,32.0,False,False
real_time_ex_covid,13,recovery,Hlth,10,10,-0.035103,-0.028985,0.4813,8.0,False,False
real_time_ex_covid,13,recovery,Money,10,10,0.034359,0.034216,0.1948,2.0,False,False
real_time_ex_covid,13,recovery,Other,10,10,0.017039,0.02393,0.2004,3.0,False,False
real_time_ex_covid,13,expansion,NoDur,288,275,-0.015945,-0.002291,0.7154,21.0,False,False
real_time_ex_covid,13,expansion,Durbl,288,275,-0.011859,-0.007532,0.5131,9.0,False,False
real_time_ex_covid,13,expansion,Manuf,288,275,-0.001422,-0.002816,0.588,15.0,False,False
real_time_ex_covid,13,expansion,Enrgy,288,275,-0.019609,-0.01024,0.5206,10.0,False,False
real_time_ex_covid,13,expansion,Chems,288,275,-0.017495,-0.000564,0.9288,29.0,False,False
real_time_ex_covid,13,expansion,BusEq,288,275,0.017071,0.000493,0.9195,27.0,False,False
real_time_ex_covid,13,expansion,Telcm,288,275,-0.021177,-0.0023,0.6685,17.0,False,False
real_time_ex_covid,13,expansion,Utils,288,275,-0.002123,0.001628,0.8202,24.0,False,False
real_time_ex_covid,13,expansion,Shops,288,275,-0.000463,0.00023,0.9363,30.0,False,False
real_time_ex_covid,13,expansion,Hlth,288,275,-0.006443,-0.000324,0.9438,31.0,False,False
real_time_ex_covid,13,expansion,Money,288,275,0.003454,0.003312,0.47,6.0,False,False
real_time_ex_covid,13,expansion,Other,288,275,-0.007848,-0.000957,0.764,22.0,False,False
real_time_ex_covid,13,slowdown,NoDur,328,322,-0.014855,-0.001201,0.8277,25.0,False,False
real_time_ex_covid,13,slowdown,Durbl,328,322,0.00605,0.010376,0.2603,5.0,False,False
real_time_ex_covid,13,slowdown,Manuf,328,322,-0.001238,-0.002632,0.5337,12.0,False,False
real_time_ex_covid,13,slowdown,Enrgy,328,322,-0.010179,-0.00081,0.9625,34.0,False,False
real_time_ex_covid,13,slowdown,Chems,328,322,-0.019375,-0.002444,0.5618,13.0,False,False
real_time_ex_covid,13,slowdown,BusEq,328,322,0.018175,0.001597,0.6835,19.0,False,False
real_time_ex_covid,13,slowdown,Telcm,328,322,-0.018999,-0.000122,0.97,35.0,False,False
real_time_ex_covid,13,slowdown,Utils,328,322,-0.006491,-0.00274,0.6367,16.0,False,False
real_time_ex_covid,13,slowdown,Shops,328,322,-0.001369,-0.000676,0.7809,23.0,False,False
real_time_ex_covid,13,slowdown,Hlth,328,322,-0.006146,-2.8e-05,0.9981,36.0,False,False
real_time_ex_covid,13,slowdown,Money,328,322,-0.002959,-0.003101,0.4719,7.0,False,False
real_time_ex_covid,13,slowdown,Other,328,322,-0.007165,-0.000274,0.9026,26.0,False,False
real_time_ex_covid,13,contraction,NoDur,0,0,,,,,False,False
real_time_ex_covid,13,contraction,Durbl,0,0,,,,,False,False
real_time_ex_covid,13,contraction,Manuf,0,0,,,,,False,False
real_time_ex_covid,13,contraction,Enrgy,0,0,,,,,False,False
real_time_ex_covid,13,contraction,Chems,0,0,,,,,False,False
real_time_ex_covid,13,contraction,BusEq,0,0,,,,,False,False
real_time_ex_covid,13,contraction,Telcm,0,0,,,,,False,False
real_time_ex_covid,13,contraction,Utils,0,0,,,,,False,False
real_time_ex_covid,13,contraction,Shops,0,0,,,,,False,False
real_time_ex_covid,13,contraction,Hlth,0,0,,,,,False,False
real_time_ex_covid,13,contraction,Money,0,0,,,,,False,False
real_time_ex_covid,13,contraction,Other,0,0,,,,,False,False
real_time_ex_covid,26,recovery,NoDur,10,10,-0.05072,-0.023383,0.7678,28.0,False,False
real_time_ex_covid,26,recovery,Durbl,10,10,-0.112568,-0.103068,0.2959,4.0,False,False
real_time_ex_covid,26,recovery,Manuf,10,10,-0.014793,-0.013592,0.8352,36.0,False,False
real_time_ex_covid,26,recovery,Enrgy,10,10,0.078392,0.102344,0.2846,3.0,False,False
real_time_ex_covid,26,recovery,Chems,10,10,-0.062491,-0.029081,0.5899,22.0,False,False
real_time_ex_covid,26,recovery,BusEq,10,10,0.056139,0.021923,0.5037,13.0,False,False
real_time_ex_covid,26,recovery,Telcm,10,10,-0.090602,-0.054459,0.4064,9.0,False,False
real_time_ex_covid,26,recovery,Utils,10,10,-0.046159,-0.039686,0.5918,23.0,False,False
real_time_ex_covid,26,recovery,Shops,10,10,-0.01246,-0.013535,0.7734,29.0,False,False
real_time_ex_covid,26,recovery,Hlth,10,10,-0.033852,-0.025483,0.7228,27.0,False,False
real_time_ex_covid,26,recovery,Money,10,10,0.026929,0.029895,0.5262,16.0,False,False
real_time_ex_covid,26,recovery,Other,10,10,-0.022869,-0.00766,0.8071,32.0,False,False
real_time_ex_covid,26,expansion,NoDur,288,265,-0.02526,0.002077,0.7753,30.0,False,False
real_time_ex_covid,26,expansion,Durbl,288,265,-0.014455,-0.004954,0.8221,33.0,False,False
real_time_ex_covid,26,expansion,Manuf,288,265,-0.008626,-0.007425,0.5075,14.0,False,False
real_time_ex_covid,26,expansion,Enrgy,288,265,-0.008499,0.015453,0.5955,24.0,False,False
real_time_ex_covid,26,expansion,Chems,288,265,-0.029525,0.003885,0.5243,15.0,False,False
real_time_ex_covid,26,expansion,BusEq,288,265,0.029083,-0.005134,0.3689,6.0,False,False
real_time_ex_covid,26,expansion,Telcm,288,265,-0.042635,-0.006492,0.3689,7.0,False,False
real_time_ex_covid,26,expansion,Utils,288,265,-0.000631,0.005841,0.5655,19.0,False,False
real_time_ex_covid,26,expansion,Shops,288,265,0.004542,0.003467,0.5506,18.0,False,False
real_time_ex_covid,26,expansion,Hlth,288,265,0.000747,0.009116,0.2097,1.0,False,False
real_time_ex_covid,26,expansion,Money,288,265,0.002677,0.005643,0.4139,10.0,False,False
real_time_ex_covid,26,expansion,Other,288,265,-0.017015,-0.001806,0.6629,25.0,False,False
real_time_ex_covid,26,slowdown,NoDur,328,320,-0.029272,-0.001935,0.8221,34.0,False,False
real_time_ex_covid,26,slowdown,Durbl,328,320,0.001049,0.010549,0.4663,12.0,False,False
real_time_ex_covid,26,slowdown,Manuf,328,320,0.000742,0.001943,0.824,35.0,False,False
real_time_ex_covid,26,slowdown,Enrgy,328,320,-0.045902,-0.02195,0.3464,5.0,False,False
real_time_ex_covid,26,slowdown,Chems,328,320,-0.03623,-0.00282,0.5693,20.0,False,False
real_time_ex_covid,26,slowdown,BusEq,328,320,0.0378,0.003583,0.5356,17.0,False,False
real_time_ex_covid,26,slowdown,Telcm,328,320,-0.028178,0.007965,0.2154,2.0,False,False
real_time_ex_covid,26,slowdown,Utils,328,320,-0.009699,-0.003227,0.7828,31.0,False,False
real_time_ex_covid,26,slowdown,Shops,328,320,-0.000734,-0.001809,0.6704,26.0,False,False
real_time_ex_covid,26,slowdown,Hlth,328,320,-0.012933,-0.004564,0.4551,11.0,False,False
real_time_ex_covid,26,slowdown,Money,328,320,-0.006841,-0.003875,0.5805,21.0,False,False
real_time_ex_covid,26,slowdown,Other,328,320,-0.011801,0.003408,0.3727,8.0,False,False
real_time_ex_covid,26,contraction,NoDur,0,0,,,,,False,False
real_time_ex_covid,26,contraction,Durbl,0,0,,,,,False,False
real_time_ex_covid,26,contraction,Manuf,0,0,,,,,False,False
real_time_ex_covid,26,contraction,Enrgy,0,0,,,,,False,False
real_time_ex_covid,26,contraction,Chems,0,0,,,,,False,False
real_time_ex_covid,26,contraction,BusEq,0,0,,,,,False,False
real_time_ex_covid,26,contraction,Telcm,0,0,,,,,False,False
real_time_ex_covid,26,contraction,Utils,0,0,,,,,False,False
real_time_ex_covid,26,contraction,Shops,0,0,,,,,False,False
real_time_ex_covid,26,contraction,Hlth,0,0,,,,,False,False
real_time_ex_covid,26,contraction,Money,0,0,,,,,False,False
real_time_ex_covid,26,contraction,Other,0,0,,,,,False,False
real_time_gated,4,recovery,NoDur,34,34,-0.012652,-0.007744,0.4215,34.0,False,False
real_time_gated,4,recovery,Durbl,34,34,0.073115,0.0678,0.0017,1.0,True,False
real_time_gated,4,recovery,Manuf,34,34,0.005862,0.004884,0.5768,39.0,False,False
real_time_gated,4,recovery,Enrgy,34,34,0.002038,0.005556,0.7543,43.0,False,False
real_time_gated,4,recovery,Chems,34,34,-0.013784,-0.008525,0.3157,31.0,False,False
real_time_gated,4,recovery,BusEq,34,34,0.005515,0.00035,0.9403,48.0,False,False
real_time_gated,4,recovery,Telcm,34,34,-0.011488,-0.005112,0.6365,40.0,False,False
real_time_gated,4,recovery,Utils,34,34,-0.021585,-0.018664,0.1263,14.0,False,False
real_time_gated,4,recovery,Shops,34,34,-0.008572,-0.008385,0.2014,20.0,False,False
real_time_gated,4,recovery,Hlth,34,34,-0.011716,-0.009751,0.2611,24.0,False,False
real_time_gated,4,recovery,Money,34,34,0.004226,0.004523,0.5085,38.0,False,False
real_time_gated,4,recovery,Other,34,34,0.007061,0.008873,0.1109,13.0,False,False
real_time_gated,4,expansion,NoDur,279,273,-0.000368,0.00454,0.0427,4.0,False,False
real_time_gated,4,expansion,Durbl,279,273,-0.016163,-0.021478,0.0017,2.0,True,False
real_time_gated,4,expansion,Manuf,279,273,0.001392,0.000414,0.8891,47.0,False,False
real_time_gated,4,expansion,Enrgy,279,273,0.001794,0.005313,0.4829,36.0,False,False
real_time_gated,4,expansion,Chems,279,273,-0.001133,0.004126,0.0614,6.0,False,False
real_time_gated,4,expansion,BusEq,279,273,0.001952,-0.003213,0.099,12.0,False,False
real_time_gated,4,expansion,Telcm,279,273,-0.002094,0.004282,0.1433,16.0,False,False
real_time_gated,4,expansion,Utils,279,273,0.000303,0.003224,0.314,30.0,False,False
real_time_gated,4,expansion,Shops,279,273,-0.001469,-0.001283,0.5,37.0,False,False
real_time_gated,4,expansion,Hlth,279,273,0.002629,0.004594,0.0836,9.0,False,False
real_time_gated,4,expansion,Money,279,273,0.004156,0.004453,0.0461,5.0,False,False
real_time_gated,4,expansion,Other,279,273,-0.001353,0.00046,0.7628,44.0,False,False
real_time_gated,4,slowdown,NoDur,350,346,-0.007254,-0.002346,0.2765,28.0,False,False
real_time_gated,4,slowdown,Durbl,350,346,0.011401,0.006087,0.244,23.0,False,False
real_time_gated,4,slowdown,Manuf,350,346,-0.000701,-0.001679,0.4403,35.0,False,False
real_time_gated,4,slowdown,Enrgy,350,346,-0.008263,-0.004744,0.3328,32.0,False,False
real_time_gated,4,slowdown,Chems,350,346,-0.007944,-0.002685,0.1775,19.0,False,False
real_time_gated,4,slowdown,BusEq,350,346,0.007697,0.002532,0.0853,10.0,False,False
real_time_gated,4,slowdown,Telcm,350,346,-0.00892,-0.002544,0.2662,25.0,False,False
real_time_gated,4,slowdown,Utils,350,346,-0.001938,0.000983,0.7082,42.0,False,False
real_time_gated,4,slowdown,Shops,350,346,0.001086,0.001272,0.3652,33.0,False,False
real_time_gated,4,slowdown,Hlth,350,346,-0.004527,-0.002562,0.2184,22.0,False,False
real_time_gated,4,slowdown,Money,350,346,-0.003856,-0.003559,0.0666,7.0,False,False
real_time_gated,4,slowdown,Other,350,346,-0.0034,-0.001588,0.2679,26.0,False,False
real_time_gated,4,contraction,NoDur,15,15,-0.027826,-0.022918,0.1502,17.0,False,False
real_time_gated,4,contraction,Durbl,15,15,0.096276,0.090962,0.0273,3.0,False,False
real_time_gated,4,contraction,Manuf,15,15,-0.000776,-0.001754,0.8328,45.0,False,False
real_time_gated,4,contraction,Enrgy,15,15,-0.016275,-0.012756,0.6382,41.0,False,False
real_time_gated,4,contraction,Chems,15,15,-0.007622,-0.002363,0.8532,46.0,False,False
real_time_gated,4,contraction,BusEq,15,15,0.018262,0.013097,0.2099,21.0,False,False
real_time_gated,4,contraction,Telcm,15,15,-0.024304,-0.017927,0.2696,27.0,False,False
real_time_gated,4,contraction,Utils,15,15,-0.038155,-0.035234,0.07,8.0,False,False
real_time_gated,4,contraction,Shops,15,15,0.014103,0.01429,0.1365,15.0,False,False
real_time_gated,4,contraction,Hlth,15,15,-0.02247,-0.020505,0.1587,18.0,False,False
real_time_gated,4,contraction,Money,15,15,-0.017501,-0.017204,0.0973,11.0,False,False
real_time_gated,4,contraction,Other,15,15,0.004887,0.006699,0.2986,29.0,False,False
real_time_gated,13,recovery,NoDur,34,34,-0.032883,-0.016853,0.5973,31.0,False,False
real_time_gated,13,recovery,Durbl,34,34,0.169176,0.152626,0.0017,1.0,True,False
real_time_gated,13,recovery,Manuf,34,34,0.032251,0.030921,0.1724,14.0,False,False
real_time_gated,13,recovery,Enrgy,34,34,0.101004,0.112073,0.0597,5.0,False,False
real_time_gated,13,recovery,Chems,34,34,-0.043981,-0.026565,0.3242,20.0,False,False
real_time_gated,13,recovery,BusEq,34,34,0.001849,-0.015661,0.2816,18.0,False,False
real_time_gated,13,recovery,Telcm,34,34,-0.023799,-0.003743,0.9386,46.0,False,False
real_time_gated,13,recovery,Utils,34,34,-0.05519,-0.045292,0.1894,15.0,False,False
real_time_gated,13,recovery,Shops,34,34,-0.038029,-0.038212,0.041,3.0,False,False
real_time_gated,13,recovery,Hlth,34,34,-0.032884,-0.025647,0.3413,21.0,False,False
real_time_gated,13,recovery,Money,34,34,0.040669,0.042534,0.0614,6.0,False,False
real_time_gated,13,recovery,Other,34,34,0.019529,0.025492,0.1331,12.0,False,False
real_time_gated,13,expansion,NoDur,279,267,-0.017366,-0.001336,0.843,41.0,False,False
real_time_gated,13,expansion,Durbl,279,267,-0.010217,-0.026767,0.1485,13.0,False,False
real_time_gated,13,expansion,Manuf,279,267,-0.001766,-0.003097,0.6962,35.0,False,False
real_time_gated,13,expansion,Enrgy,279,267,-0.020927,-0.009858,0.6997,36.0,False,False
real_time_gated,13,expansion,Chems,279,267,-0.018701,-0.001285,0.8157,39.0,False,False
real_time_gated,13,expansion,BusEq,279,267,0.017786,0.000276,0.959,47.0,False,False
real_time_gated,13,expansion,Telcm,279,267,-0.021269,-0.001213,0.8754,42.0,False,False
real_time_gated,13,expansion,Utils,279,267,-0.00408,0.005819,0.4539,28.0,False,False
real_time_gated,13,expansion,Shops,279,267,-0.000891,-0.001073,0.8311,40.0,False,False
real_time_gated,13,expansion,Hlth,279,267,-0.006558,0.000678,0.9147,44.0,False,False
real_time_gated,13,expansion,Money,279,267,0.003192,0.005057,0.2713,17.0,False,False
real_time_gated,13,expansion,Other,279,267,-0.008261,-0.002298,0.4863,29.0,False,False
real_time_gated,13,slowdown,NoDur,350,343,-0.014601,0.001429,0.7679,37.0,False,False
real_time_gated,13,slowdown,Durbl,350,343,0.005943,-0.010607,0.4352,27.0,False,False
real_time_gated,13,slowdown,Manuf,350,343,-0.00396,-0.005291,0.2611,16.0,False,False
real_time_gated,13,slowdown,Enrgy,350,343,-0.013287,-0.002219,0.8805,43.0,False,False
real_time_gated,13,slowdown,Chems,350,343,-0.017821,-0.000406,0.9266,45.0,False,False
real_time_gated,13,slowdown,BusEq,350,343,0.019345,0.001835,0.6143,32.0,False,False
real_time_gated,13,slowdown,Telcm,350,343,-0.019805,0.000251,0.9795,48.0,False,False
real_time_gated,13,slowdown,Utils,350,343,-0.007498,0.002401,0.686,34.0,False,False
real_time_gated,13,slowdown,Shops,350,343,0.002262,0.00208,0.628,33.0,False,False
real_time_gated,13,slowdown,Hlth,350,343,-0.003282,0.003954,0.43,26.0,False,False
real_time_gated,13,slowdown,Money,350,343,-0.006486,-0.004621,0.3567,22.0,False,False
real_time_gated,13,slowdown,Other,350,343,-0.008796,-0.002833,0.4147,24.0,False,False
real_time_gated,13,contraction,NoDur,15,15,-0.054392,-0.038362,0.4164,25.0,False,False
real_time_gated,13,contraction,Durbl,15,15,0.428896,0.412346,0.0017,2.0,True,False
real_time_gated,13,contraction,Manuf,15,15,0.010444,0.009113,0.7884,38.0,False,False
real_time_gated,13,contraction,Enrgy,15,15,-0.182511,-0.171442,0.0785,9.0,False,False
real_time_gated,13,contraction,Chems,15,15,0.003398,0.020813,0.5392,30.0,False,False
real_time_gated,13,contraction,BusEq,15,15,0.048663,0.031153,0.2867,19.0,False,False
real_time_gated,13,contraction,Telcm,15,15,-0.058605,-0.038549,0.3942,23.0,False,False
real_time_gated,13,contraction,Utils,15,15,-0.109233,-0.099334,0.0666,7.0,False,False
real_time_gated,13,contraction,Shops,15,15,0.050007,0.049825,0.0853,10.0,False,False
real_time_gated,13,contraction,Hlth,15,15,-0.078213,-0.070977,0.0751,8.0,False,False
real_time_gated,13,contraction,Money,15,15,-0.067031,-0.065166,0.0546,4.0,False,False
real_time_gated,13,contraction,Other,15,15,0.0351,0.041063,0.1126,11.0,False,False
real_time_gated,26,recovery,NoDur,34,34,-0.060911,-0.029455,0.6126,35.0,False,False
real_time_gated,26,recovery,Durbl,34,34,0.228711,0.19305,0.0768,8.0,False,False
real_time_gated,26,recovery,Manuf,34,34,0.055647,0.053977,0.2082,17.0,False,False
real_time_gated,26,recovery,Enrgy,34,34,0.241789,0.265194,0.0392,4.0,False,False
real_time_gated,26,recovery,Chems,34,34,-0.083668,-0.049241,0.3003,22.0,False,False
real_time_gated,26,recovery,BusEq,34,34,0.004796,-0.030041,0.2679,20.0,False,False
real_time_gated,26,recovery,Telcm,34,34,-0.057897,-0.019096,0.8038,45.0,False,False
real_time_gated,26,recovery,Utils,34,34,-0.099967,-0.081953,0.2031,16.0,False,False
real_time_gated,26,recovery,Shops,34,34,-0.064997,-0.066233,0.0785,9.0,False,False
real_time_gated,26,recovery,Hlth,34,34,-0.06299,-0.04939,0.3208,25.0,False,False
real_time_gated,26,recovery,Money,34,34,0.097469,0.10065,0.0154,3.0,False,False
real_time_gated,26,recovery,Other,34,34,0.031523,0.042611,0.1468,12.0,False,False
real_time_gated,26,expansion,NoDur,279,257,-0.026257,0.005199,0.7201,39.0,False,False
real_time_gated,26,expansion,Durbl,279,257,-0.012442,-0.048103,0.1212,11.0,False,False
real_time_gated,26,expansion,Manuf,279,257,-0.008127,-0.009798,0.5392,32.0,False,False
real_time_gated,26,expansion,Enrgy,279,257,-0.007158,0.016247,0.7491,42.0,False,False
real_time_gated,26,expansion,Chems,279,257,-0.029891,0.004536,0.6331,37.0,False,False
real_time_gated,26,expansion,BusEq,279,257,0.029255,-0.005582,0.5102,30.0,False,False
real_time_gated,26,expansion,Telcm,279,257,-0.043132,-0.004331,0.5717,34.0,False,False
real_time_gated,26,expansion,Utils,279,257,-0.002819,0.015194,0.2372,19.0,False,False
real_time_gated,26,expansion,Shops,279,257,0.003837,0.002601,0.8003,44.0,False,False
real_time_gated,26,expansion,Hlth,279,257,6.6e-05,0.013666,0.0922,10.0,False,False
real_time_gated,26,expansion,Money,279,257,0.003417,0.006598,0.401,26.0,False,False
real_time_gated,26,expansion,Other,279,257,-0.016282,-0.005194,0.2799,21.0,False,False
real_time_gated,26,slowdown,NoDur,350,341,-0.030961,0.000495,0.942,47.0,False,False
real_time_gated,26,slowdown,Durbl,350,341,0.018964,-0.016696,0.5102,31.0,False,False
real_time_gated,26,slowdown,Manuf,350,341,-0.003331,-0.005002,0.6826,38.0,False,False
real_time_gated,26,slowdown,Enrgy,350,341,-0.056075,-0.03267,0.1536,13.0,False,False
real_time_gated,26,slowdown,Chems,350,341,-0.034413,1.4e-05,0.9966,48.0,False,False
real_time_gated,26,slowdown,BusEq,350,341,0.040926,0.006089,0.3038,23.0,False,False
real_time_gated,26,slowdown,Telcm,350,341,-0.030952,0.007849,0.3106,24.0,False,False
real_time_gated,26,slowdown,Utils,350,341,-0.014834,0.00318,0.7355,40.0,False,False
real_time_gated,26,slowdown,Shops,350,341,0.00593,0.004694,0.4915,29.0,False,False
real_time_gated,26,slowdown,Hlth,350,341,-0.011757,0.001843,0.8123,46.0,False,False
real_time_gated,26,slowdown,Money,350,341,-0.014092,-0.010911,0.1689,14.0,False,False
real_time_gated,26,slowdown,Other,350,341,-0.013425,-0.002336,0.6263,36.0,False,False
real_time_gated,26,contraction,NoDur,15,15,-0.08766,-0.056204,0.4454,27.0,False,False
real_time_gated,26,contraction,Durbl,15,15,0.897712,0.862051,0.0017,1.0,True,False
real_time_gated,26,contraction,Manuf,15,15,0.063849,0.062178,0.1945,15.0,False,False
real_time_gated,26,contraction,Enrgy,15,15,-0.286897,-0.263492,0.0717,7.0,False,False
real_time_gated,26,contraction,Chems,15,15,-0.012382,0.022045,0.7355,41.0,False,False
real_time_gated,26,contraction,BusEq,15,15,0.060889,0.026051,0.459,28.0,False,False
real_time_gated,26,contraction,Telcm,15,15,-0.082422,-0.04362,0.5478,33.0,False,False
real_time_gated,26,contraction,Utils,15,15,-0.163893,-0.14588,0.058,6.0,False,False
real_time_gated,26,contraction,Shops,15,15,0.013826,0.01259,0.7952,43.0,False,False
real_time_gated,26,contraction,Hlth,15,15,-0.134132,-0.120532,0.0068,2.0,False,False
real_time_gated,26,contraction,Money,15,15,-0.059497,-0.056315,0.2287,18.0,False,False
real_time_gated,26,contraction,Other,15,15,0.072596,0.083685,0.041,5.0,False,False
