sample,horizon_weeks,overall_p_value,phase,weeks,dispersion,p_value,null_median,ratio_to_null_median
revised_long,4,0.2454,recovery,151,5.0799e-05,0.2333,2.6518e-05,1.916
revised_long,4,0.2454,expansion,685,1.0161e-05,0.0413,3.835e-06,2.65
revised_long,4,0.2454,slowdown,677,1.744e-06,0.9091,3.846e-06,0.453
revised_long,4,0.2454,contraction,162,3.3881e-05,0.3325,2.5297e-05,1.339
revised_long,13,0.1926,recovery,151,0.000495549,0.2441,0.000266073,1.862
revised_long,13,0.1926,expansion,685,7.4317e-05,0.0388,2.9497e-05,2.52
revised_long,13,0.1926,slowdown,677,1.0299e-05,0.9619,2.7874e-05,0.369
revised_long,13,0.1926,contraction,162,0.000512926,0.1532,0.000255382,2.008
revised_long,26,0.1341,recovery,151,0.001908384,0.2467,0.001024496,1.863
revised_long,26,0.1341,expansion,685,0.00023225,0.0369,9.2751e-05,2.504
revised_long,26,0.1341,slowdown,677,3.3162e-05,0.9485,8.7379e-05,0.38
revised_long,26,0.1341,contraction,162,0.002919041,0.0788,0.000958358,3.046
revised_overlap,4,0.0171,recovery,38,0.000305426,0.0802,7.8775e-05,3.877
revised_overlap,4,0.0171,expansion,268,4.684e-05,0.0017,1.3019e-05,3.598
revised_overlap,4,0.0171,slowdown,354,5.806e-06,0.5614,6.599e-06,0.88
revised_overlap,4,0.0171,contraction,28,0.000549545,0.0529,0.000106653,5.153
revised_overlap,13,0.0137,recovery,38,0.003033248,0.0648,0.000806999,3.759
revised_overlap,13,0.0137,expansion,268,0.000173532,0.1689,0.000112394,1.544
revised_overlap,13,0.0137,slowdown,354,1.858e-05,0.9044,5.1117e-05,0.363
revised_overlap,13,0.0137,contraction,28,0.0076714,0.0051,0.000936008,8.196
revised_overlap,26,0.0017,recovery,38,0.009812269,0.07,0.002877896,3.41
revised_overlap,26,0.0017,expansion,268,0.000430933,0.372,0.000367488,1.173
revised_overlap,26,0.0017,slowdown,354,9.6996e-05,0.8413,0.000181222,0.535
revised_overlap,26,0.0017,contraction,28,0.038722818,0.0017,0.00323922,11.954
real_time_overlap,4,0.0154,recovery,34,0.000451953,0.041,8.3491e-05,5.413
real_time_overlap,4,0.0154,expansion,288,4.9423e-05,0.0017,1.04e-05,4.752
real_time_overlap,4,0.0154,slowdown,338,9.045e-06,0.2969,6.681e-06,1.354
real_time_overlap,4,0.0154,contraction,18,0.000831471,0.0529,0.000140809,5.905
real_time_overlap,13,0.0137,recovery,34,0.003724043,0.041,0.000789517,4.717
real_time_overlap,13,0.0137,expansion,288,8.1863e-05,0.3942,6.9533e-05,1.177
real_time_overlap,13,0.0137,slowdown,338,1.1831e-05,0.9863,4.1217e-05,0.287
real_time_overlap,13,0.0137,contraction,18,0.014325521,0.0017,0.001202976,11.908
real_time_overlap,26,0.0017,recovery,34,0.011713122,0.0392,0.002860888,4.094
real_time_overlap,26,0.0017,expansion,288,0.000294864,0.314,0.000218851,1.347
real_time_overlap,26,0.0017,slowdown,338,0.000120956,0.6126,0.000141714,0.854
real_time_overlap,26,0.0017,contraction,18,0.062042984,0.0017,0.003700682,16.765
revised_long_ex_covid,4,0.5733,recovery,125,1.5583e-05,0.7903,2.6547e-05,0.587
revised_long_ex_covid,4,0.5733,expansion,685,6.126e-06,0.1788,3.51e-06,1.745
revised_long_ex_covid,4,0.5733,slowdown,674,4.14e-06,0.4037,3.591e-06,1.153
revised_long_ex_covid,4,0.5733,contraction,139,2.159e-05,0.5483,2.3839e-05,0.906
revised_long_ex_covid,13,0.5897,recovery,125,0.000191612,0.6601,0.000249074,0.769
revised_long_ex_covid,13,0.5897,expansion,685,4.0485e-05,0.2295,2.3995e-05,1.687
revised_long_ex_covid,13,0.5897,slowdown,674,1.9934e-05,0.668,2.5975e-05,0.767
revised_long_ex_covid,13,0.5897,contraction,139,0.00024524,0.474,0.000234424,1.046
revised_long_ex_covid,26,0.4747,recovery,125,0.000815783,0.57,0.000933214,0.874
revised_long_ex_covid,26,0.4747,expansion,685,0.000105757,0.2939,7.2025e-05,1.468
revised_long_ex_covid,26,0.4747,slowdown,674,2.5591e-05,0.9744,8.3042e-05,0.308
revised_long_ex_covid,26,0.4747,contraction,139,0.001367506,0.2558,0.000876663,1.56
revised_long_ex_gfc,4,0.1579,recovery,121,4.7091e-05,0.3553,3.2897e-05,1.431
revised_long_ex_gfc,4,0.1579,expansion,685,9.591e-06,0.0517,3.96e-06,2.422
revised_long_ex_gfc,4,0.1579,slowdown,674,1.627e-06,0.887,3.617e-06,0.45
revised_long_ex_gfc,4,0.1579,contraction,91,9.452e-05,0.0899,3.7433e-05,2.525
revised_long_ex_gfc,13,0.113,recovery,121,0.000496012,0.3308,0.000321592,1.542
revised_long_ex_gfc,13,0.113,expansion,685,6.7427e-05,0.0742,3.035e-05,2.222
revised_long_ex_gfc,13,0.113,slowdown,674,9.037e-06,0.9632,2.6299e-05,0.344
revised_long_ex_gfc,13,0.113,contraction,91,0.0012857,0.032,0.000347574,3.699
revised_long_ex_gfc,26,0.032,recovery,121,0.002055342,0.2743,0.0011715,1.754
revised_long_ex_gfc,26,0.032,expansion,685,0.000189303,0.1144,9.4173e-05,2.01
revised_long_ex_gfc,26,0.032,slowdown,674,2.6003e-05,0.9694,9.0524e-05,0.287
revised_long_ex_gfc,26,0.032,contraction,91,0.00692966,0.0048,0.001276526,5.429
revised_long_ex_both,4,0.5653,recovery,95,1.4471e-05,0.9224,3.9065e-05,0.37
revised_long_ex_both,4,0.5653,expansion,685,5.494e-06,0.1665,3.149e-06,1.745
revised_long_ex_both,4,0.5653,slowdown,671,4.245e-06,0.3275,3.178e-06,1.336
revised_long_ex_both,4,0.5653,contraction,68,5.3571e-05,0.3507,4.0723e-05,1.315
revised_long_ex_both,13,0.5822,recovery,95,0.000180782,0.8476,0.000372281,0.486
revised_long_ex_both,13,0.5822,expansion,685,3.379e-05,0.2449,2.1069e-05,1.604
revised_long_ex_both,13,0.5822,slowdown,671,2.1962e-05,0.5011,2.197e-05,1.0
revised_long_ex_both,13,0.5822,contraction,68,0.000569731,0.2802,0.000366196,1.556
revised_long_ex_both,26,0.4947,recovery,95,0.000623007,0.8483,0.001301905,0.479
revised_long_ex_both,26,0.4947,expansion,685,7.1248e-05,0.4467,6.3743e-05,1.118
revised_long_ex_both,26,0.4947,slowdown,671,3.3966e-05,0.8673,7.4315e-05,0.457
revised_long_ex_both,26,0.4947,contraction,68,0.003338699,0.1256,0.001440359,2.318
real_time_ex_covid,4,0.0712,recovery,10,0.000124563,0.7566,0.000230478,0.54
real_time_ex_covid,4,0.0712,expansion,288,2.7115e-05,0.0037,7.281e-06,3.724
real_time_ex_covid,4,0.0712,slowdown,328,2.1041e-05,0.0037,5.322e-06,3.954
real_time_ex_covid,4,0.0712,contraction,0,,,,
real_time_ex_covid,13,0.7715,recovery,10,0.001724541,0.3596,0.001259096,1.37
real_time_ex_covid,13,0.7715,expansion,288,1.6276e-05,0.9251,4.1304e-05,0.394
real_time_ex_covid,13,0.7715,slowdown,328,1.1908e-05,0.9232,2.8508e-05,0.418
real_time_ex_covid,13,0.7715,contraction,0,,,,
real_time_ex_covid,26,0.9045,recovery,10,0.002456746,0.6723,0.003308365,0.743
real_time_ex_covid,26,0.9045,expansion,288,4.756e-05,0.8858,0.000117459,0.405
real_time_ex_covid,26,0.9045,slowdown,328,6.2166e-05,0.6592,7.6328e-05,0.814
real_time_ex_covid,26,0.9045,contraction,0,,,,
real_time_gated,4,0.0205,recovery,34,0.000451953,0.041,8.3491e-05,5.413
real_time_gated,4,0.0205,expansion,279,5.0765e-05,0.0017,1.0727e-05,4.732
real_time_gated,4,0.0205,slowdown,350,9.359e-06,0.2577,6.46e-06,1.449
real_time_gated,4,0.0205,contraction,15,0.000972546,0.087,0.000194401,5.003
real_time_gated,13,0.0137,recovery,34,0.003724043,0.041,0.000789517,4.717
real_time_gated,13,0.0137,expansion,279,7.4546e-05,0.4812,7.329e-05,1.017
real_time_gated,13,0.0137,slowdown,350,1.718e-05,0.9096,3.8306e-05,0.448
real_time_gated,13,0.0137,contraction,15,0.018932207,0.0017,0.001518482,12.468
real_time_gated,26,0.0017,recovery,34,0.011713122,0.0392,0.002860888,4.094
real_time_gated,26,0.0017,expansion,279,0.000272189,0.3532,0.000222201,1.225
real_time_gated,26,0.0017,slowdown,350,0.000135841,0.43,0.000126769,1.072
real_time_gated,26,0.0017,contraction,15,0.072399528,0.0017,0.004180101,17.32
