as_of,last_modelled_week,information_lag_weeks,alfred_raw,latest_raw,alfred_official,latest_official,alfred_status,alfred_alert,latest_alert,level_difference,momentum_difference,breadth_difference,concentration_difference,usrec,raw_recovery_difference,raw_expansion_difference,raw_slowdown_difference,raw_contraction_difference,raw_agrees,official_agrees,alert_agrees,disagreement_cause
2019-07-05,2019-07-05,0,slowdown,slowdown,slowdown,slowdown,official,watch,watch,0.0941932542439831,-0.06142491183780918,0,-0.13510119267485388,0,-0.03386510059300006,-0.019160465216817857,0.0530256152823656,-4.947254764498537e-08,True,True,True,
2019-07-12,2019-07-12,0,slowdown,slowdown,slowdown,slowdown,official,none,none,0.08790482342686257,-0.11049707290784228,0,-0.16238426308061382,0,-0.05226015607124945,-0.03726515697123442,0.08952536395728994,-5.0914806081857304e-08,True,True,True,
2019-07-19,2019-07-19,0,slowdown,slowdown,slowdown,slowdown,official,none,watch,0.11235647002794537,0.19808891708087623,0,-0.09689920671929686,0,0.019108055200482768,0.06560837222022681,-0.0847164874759675,6.005525785503452e-08,True,True,False,
2019-07-26,2019-07-26,0,slowdown,slowdown,slowdown,slowdown,official,none,none,0.0957847346726102,0.09566904228953516,0,-0.03210394582162196,0,-0.0031693327660815007,0.048109121501072716,-0.044939840731503033,5.199651178519344e-08,True,True,True,
2019-08-02,2019-08-02,0,slowdown,slowdown,slowdown,slowdown,official,none,none,0.17457367237524285,-0.03154771472704565,0,0.06790900631777746,0,-0.05274381401111637,0.02343141560777398,0.029312375015703163,2.3387639371096686e-08,True,True,True,
2019-08-09,2019-08-09,0,slowdown,slowdown,slowdown,slowdown,official,none,none,0.1419348046002444,-0.12290447957294734,0,0.0406720045761188,0,-0.07515202910147273,-0.007685646889623532,0.08283766550414862,1.0486947675859261e-08,True,True,True,
2019-08-16,2019-08-16,0,slowdown,slowdown,slowdown,slowdown,official,none,none,0.09413057849270459,0.017273739732301452,0,0.06199798982344812,0,-0.01817173037377179,0.038006191500847386,-0.01983447546615036,1.4339074821495417e-08,True,True,True,
2019-08-23,2019-08-23,0,slowdown,expansion,slowdown,slowdown,official,none,none,0.03174452426572941,-0.3571562757741241,0,0.06729223504130188,0,-0.0784432571987905,-0.12532184325611678,0.2037651310190139,-3.056410655852632e-08,False,True,True,
2019-08-30,2019-08-30,0,slowdown,expansion,slowdown,slowdown,official,none,none,0.013571915837325532,-0.45454940822392925,0,-0.11904162083781639,0,-0.058591054355587924,-0.22691290906182487,0.2855040049928619,-4.157544904560366e-08,False,True,True,
2019-09-06,2019-09-06,0,slowdown,expansion,slowdown,slowdown,official,none,none,0.00012840019468865482,-0.5641448189920119,0,-0.1568427192272217,0,-0.10465506919431677,-0.25881704634378777,0.36347217755717715,-6.201907272390383e-08,False,True,True,
2019-09-13,2019-09-13,0,slowdown,expansion,slowdown,expansion,official,none,none,0.05586130349676455,-0.40718538795952364,0,-0.0979798710368806,0,-0.05725410913548226,-0.21350302673718385,0.2707571863750722,-5.050240618993086e-08,False,False,True,data_revision
2019-09-20,2019-09-20,0,slowdown,slowdown,slowdown,expansion,official,none,none,0.18817382545154557,0.1782553217256465,0,-0.05797098817202789,0,0.005540254315845955,0.05705089873628022,-0.06259112133877026,-3.1713355972463285e-08,True,False,True,filter_path_dependence
2019-09-27,2019-09-27,0,slowdown,slowdown,slowdown,expansion,official,none,none,0.1769996470949146,0.26042487200925235,0,-0.01813098377449046,0,0.031268540856507404,0.08549938445855554,-0.11676789483571637,-3.047934641602214e-08,True,False,True,filter_path_dependence
2019-10-04,2019-10-04,0,slowdown,slowdown,slowdown,expansion,official,none,none,0.16027208791248912,0.21761277331249432,0,-0.01536386352626612,0,0.02554318508097342,0.06767332267493287,-0.09321647612172557,-3.163418084082795e-08,True,False,True,filter_path_dependence
2019-10-11,2019-10-11,0,slowdown,slowdown,slowdown,slowdown,official,none,none,0.1465906987040413,0.3493550009831174,0,-0.07011047106863988,0,0.07294060902943755,0.11908485776849942,-0.19202547639817535,9.600238359643833e-09,True,True,True,
2019-10-18,2019-10-18,0,slowdown,slowdown,slowdown,slowdown,official,watch,elevated,0.23683303008739726,1.0422650339794854,-1,-0.07154473140643547,0,0.09874810454364223,0.13697259818429203,-0.2357207470660937,4.433815948295275e-08,True,True,False,
2019-10-25,2019-10-25,0,slowdown,slowdown,slowdown,slowdown,official,watch,elevated,0.22927260867490185,0.9486441811601725,-1,-0.004781894981133961,0,0.09038450667060914,0.11928902627923632,-0.20967357260557928,3.965573386458681e-08,True,True,False,
2019-11-01,2019-11-01,0,slowdown,slowdown,slowdown,slowdown,official,none,elevated,0.27182277050337667,1.403531016122181,-1,0.032901045931918116,0,0.18664325603601484,0.25673567256289276,-0.4433790524257789,1.2382687118003775e-07,True,True,False,
2019-11-08,2019-11-08,0,slowdown,slowdown,slowdown,slowdown,official,watch,high,0.29517123953493296,1.3321074050509765,-1,0.09574070016325742,0,0.13310519271422505,0.1741083658343725,-0.2945885503761524,-0.012625008172445325,True,True,False,
2019-11-15,2019-11-15,0,slowdown,slowdown,slowdown,slowdown,official,elevated,high,0.29486899390367544,0.6428196741435754,-2,0.18579735406737735,0,0.013598697826299421,0.013851424706903624,0.3561912856511379,-0.38364140818434095,True,True,False,
2019-11-22,2019-11-22,0,slowdown,contraction,slowdown,slowdown,official,elevated,high,0.25725376660910104,0.06485058611062477,-2,0.13172553523316183,0,0.005342797848911089,0.006244183518016289,0.5604993302565453,-0.5720863116234728,False,True,False,
2019-11-29,2019-11-29,0,slowdown,contraction,slowdown,contraction,official,high,high,0.2600218694950965,-0.34207654954878164,-2,0.14427632447195538,0,-0.0018724092667542908,0.0006395479661634312,0.6505560730315976,-0.6493232117310066,False,False,True,data_revision
2019-12-06,2019-12-06,0,slowdown,contraction,slowdown,contraction,official,high,high,0.41261928204105985,-0.054270651780052415,-2,0.055260511706596405,0,0.0050472216816867255,0.006284081933254413,0.7424674910863437,-0.7537987947012849,False,False,True,data_revision
2019-12-13,2019-12-13,0,slowdown,contraction,slowdown,contraction,official,high,high,0.3876362500849443,-0.22844045084644193,-2,0.09407725861302108,0,-0.0008562441840363026,0.001900857180547601,0.48065318077997143,-0.4816977937764829,False,False,True,data_revision
2019-12-20,2019-12-20,0,slowdown,contraction,slowdown,contraction,official,high,high,0.4773596808762238,-0.2790878950088034,-2,0.16357571360116496,0,-0.01160327418464037,0.00664097381601254,0.44738717095189184,-0.442424870583264,False,False,True,data_revision
2019-12-27,2019-12-27,0,contraction,contraction,slowdown,contraction,official,high,high,0.39724120291606657,-0.28101648982764593,-2,0.17073449456910217,0,-0.02222400683407971,0.00020772310346375486,0.18672333250030604,-0.1647070487696901,True,False,True,filter_path_dependence
2020-01-03,2020-01-03,0,contraction,contraction,slowdown,contraction,official,high,high,0.37224349822295144,-0.0021621520403987127,-2,0.1564570593982133,0,-0.0018401097949234599,0.003128904995629694,0.11572031148315781,-0.117009106683864,True,False,True,filter_path_dependence
2020-01-10,2020-01-10,0,contraction,contraction,slowdown,contraction,official,high,high,0.45291260625843655,-0.06064707761673649,-2,0.14711762570611386,0,-0.005913575101042342,0.0032294968670053587,0.15932586584746977,-0.15664178761343284,True,False,True,filter_path_dependence
2020-01-17,2020-01-17,0,slowdown,contraction,contraction,contraction,official,high,high,0.6369073711103701,1.4580676661640128,-2,0.2051665926646532,0,0.1473932797026469,0.06176062793272453,0.30351087663981213,-0.5126647842751837,False,True,True,
2020-01-24,2020-01-24,0,slowdown,contraction,contraction,contraction,official,high,high,0.669083957083958,1.4017775879022998,-2,0.1893318194695961,0,0.17661204366225808,0.08239593595816587,0.3971227034652086,-0.6561306830856325,False,True,True,
2020-01-31,2020-01-31,0,slowdown,contraction,slowdown,contraction,official,high,high,0.4363429145758836,0.6806968142339581,-2,0.32161764399918125,0,0.22677895713423568,0.11476178360761555,0.4745616769425307,-0.816102417684382,False,False,True,data_revision
2020-02-07,2020-02-07,0,slowdown,contraction,slowdown,contraction,official,none,high,0.41810166231483753,0.6828519912072603,-2,0.3403246783149499,0,0.15459418873240477,0.29908943525794757,0.23607814681094227,-0.6897617708012946,False,False,False,data_revision
2020-02-14,2020-02-14,0,slowdown,slowdown,slowdown,contraction,official,watch,watch,0.3138968314178777,-0.0663906287443588,-2,0.3138293394137568,0,-0.0009359298132299021,-0.016437721421564827,0.04962063313068188,-0.03224698189588726,True,False,True,filter_path_dependence
2020-02-21,2020-02-21,0,slowdown,slowdown,slowdown,contraction,official,none,none,0.3512973623370754,0.1373617839923357,-2,0.31446753376679853,0,0.00061990757249758,0.06444802243214642,-0.06506800019172582,7.018708172349861e-08,True,False,True,filter_path_dependence
2020-02-28,2020-02-28,0,slowdown,slowdown,contraction,slowdown,official,watch,none,0.2964015523158796,-0.16500229794896037,-2,0.2892724531347622,0,-0.018315501716471977,-0.08912419290585871,0.1074397001730455,-5.550714723940891e-09,True,False,False,filter_path_dependence
2020-03-06,2020-03-06,0,slowdown,expansion,slowdown,slowdown,official,watch,none,0.24166488315695056,-0.6669892408630398,-2,0.30535602937381023,1,-0.008064144572357795,-0.3319697383322123,0.27735399039670683,0.06267989250786325,False,True,False,
2020-03-13,2020-03-13,0,contraction,contraction,slowdown,slowdown,official,high,high,0.34362362536417956,0.021612214825040832,-2,0.30177383784061734,1,0.0047151519173891515,0.011078954839502992,0.13057189575274109,-0.14636600250963328,True,True,True,
2020-03-20,2020-03-20,0,contraction,contraction,slowdown,contraction,official,high,high,1.2156985246820957,0.8365684394514881,-1,0.37831531425586223,1,0.02045805234042877,0.004259061545928435,0.16071813316756395,-0.18543524705392123,True,False,True,filter_path_dependence
2020-03-27,2020-03-27,0,contraction,contraction,slowdown,contraction,official,high,high,1.2878157614357817,1.5706197491343856,-2,0.20959188322052957,1,0.07544935890341499,0.015297240367428366,0.170911476720991,-0.2616580759918343,True,False,True,filter_path_dependence
2020-04-03,2020-04-03,0,contraction,contraction,contraction,contraction,official,high,high,1.5720636537184447,1.9452558055367608,-3,0.19879011472505637,1,0.00822574672575025,0.001549361287773823,0.18655547733456226,-0.19633058534808634,True,True,True,
2020-04-10,2020-04-10,0,contraction,contraction,contraction,contraction,official,high,high,2.2788483799826835,1.9452681059496106,-4,0.3114462391638907,1,0.008227330499128946,0.0015505279526339495,0.19381859432553378,-0.20359645277729688,True,True,True,
2020-04-17,2020-04-17,0,contraction,contraction,contraction,contraction,official,high,high,0.9941700969329186,0.8880893593242867,-2,0.2780965477287848,1,0.0005443966582931663,6.377499909025543e-06,0.011766545310653827,-0.012317319468855947,True,True,True,
2020-04-24,2020-04-24,0,contraction,contraction,contraction,contraction,official,high,high,1.005292925933409,0.8880893593242867,-2,0.28877885976433937,1,0.0005442162239303799,6.535081599365269e-06,0.012065342047769838,-0.012616093353299607,True,True,True,
2020-05-01,2020-05-01,0,contraction,contraction,contraction,contraction,official,high,high,1.1698092565950313,0.0,-1,0.3100301008369155,0,2.833036430660983e-06,4.681500538025324e-08,0.005377057121481896,-0.0053799369729179425,True,True,True,
2020-05-08,2020-05-08,0,contraction,contraction,contraction,contraction,official,high,high,0.40707120617861703,0.0,0,0.17359102722290087,0,-3.4869426963230756e-08,2.6824396191932884e-14,0.0006828712577672942,-0.0006828363883671917,True,True,True,
2020-05-15,2020-05-15,0,contraction,contraction,contraction,contraction,official,high,high,0.36706717545818535,0.0,0,0.05077716478650668,0,-3.0067522163653186e-08,2.3130380900387895e-14,0.000588832351603771,-0.0005888022841047391,True,True,True,
2020-05-22,2020-05-22,0,contraction,contraction,contraction,contraction,official,high,high,0.36706717545818535,0.0,0,-0.019567744831442635,0,-1.4069375165902051e-06,1.4069375165902572e-06,0.0005874558854232326,-0.0005874558854231937,True,True,True,
2020-05-29,2020-05-29,0,contraction,contraction,contraction,contraction,official,high,high,-0.06825510660138523,0.0,0,-0.09569333839626876,0,1.903821203589652e-07,-1.9038212035922165e-07,-7.949258283724517e-05,7.949258283723726e-05,True,True,True,
2020-06-05,2020-06-05,0,contraction,contraction,contraction,contraction,official,high,high,-0.06825510660138523,0.0,0,-0.07228526332179708,0,1.903821203589652e-07,-1.9038212035922165e-07,-7.949258283724517e-05,7.949258283723726e-05,True,True,True,
2020-06-12,2020-06-12,0,contraction,contraction,contraction,contraction,official,high,high,-0.30627426817163306,-1.5018800000000003,0,-0.0938435115581377,0,-0.11108411146681046,-0.00010520908983561775,-0.00034630931350204523,0.1115356298701482,True,True,True,
2020-06-19,2020-06-19,0,contraction,expansion,contraction,contraction,official,high,none,-0.7793521010330022,-3.0037600000000007,0,-0.14365967897786924,0,-0.2659220477697569,-0.618425778875262,-0.0015047762622233912,0.8858526029072424,False,True,False,
2020-06-26,2020-06-26,0,contraction,expansion,contraction,contraction,official,high,none,-0.8551057649492457,-4.5056400000000005,0,-0.1813554858416851,0,-0.4635364656646187,-0.5322918078584549,-0.0012342574421273502,0.9970625309652009,False,True,False,
